"","labels","batches"
"1","E-coli","1_Batch"
"2","E-coli","1_Batch"
"3","E-coli","1_Batch"
"4","E-coli","1_Batch"
"5","E-coli","1_Batch"
"6","E-coli","1_Batch"
"7","E-coli","1_Batch"
"8","E-coli","1_Batch"
"9","E-coli","1_Batch"
"10","E-coli","1_Batch"
"11","E-coli","1_Batch"
"12","E-coli","1_Batch"
"13","E-coli","1_Batch"
"14","E-coli","1_Batch"
"15","E-coli","1_Batch"
"16","E-coli","1_Batch"
"17","E-coli","1_Batch"
"18","E-coli","1_Batch"
"19","E-coli","1_Batch"
"20","E-coli","1_Batch"
"21","E-coli","1_Batch"
"22","E-coli","1_Batch"
"23","E-coli","1_Batch"
"24","E-coli","1_Batch"
"25","E-coli","1_Batch"
"26","E-coli","1_Batch"
"27","E-coli","1_Batch"
"28","E-coli","1_Batch"
"29","E-coli","1_Batch"
"30","E-coli","1_Batch"
"31","E-coli","1_Batch"
"32","E-coli","1_Batch"
"33","E-coli","1_Batch"
"34","E-coli","1_Batch"
"35","E-coli","1_Batch"
"36","E-coli","1_Batch"
"37","E-coli","1_Batch"
"38","E-coli","1_Batch"
"39","E-coli","1_Batch"
"40","E-coli","1_Batch"
"41","E-coli","1_Batch"
"42","E-coli","1_Batch"
"43","E-coli","1_Batch"
"44","E-coli","1_Batch"
"45","E-coli","1_Batch"
"46","E-coli","1_Batch"
"47","E-coli","1_Batch"
"48","E-coli","1_Batch"
"49","E-coli","1_Batch"
"50","E-coli","1_Batch"
"51","L-innocua","1_Batch"
"52","L-innocua","1_Batch"
"53","L-innocua","1_Batch"
"54","L-innocua","1_Batch"
"55","L-innocua","1_Batch"
"56","L-innocua","1_Batch"
"57","L-innocua","1_Batch"
"58","L-innocua","1_Batch"
"59","L-innocua","1_Batch"
"60","L-innocua","1_Batch"
"61","L-innocua","1_Batch"
"62","L-innocua","1_Batch"
"63","L-innocua","1_Batch"
"64","L-innocua","1_Batch"
"65","L-innocua","1_Batch"
"66","L-innocua","1_Batch"
"67","L-innocua","1_Batch"
"68","L-innocua","1_Batch"
"69","L-innocua","1_Batch"
"70","L-innocua","1_Batch"
"71","L-innocua","1_Batch"
"72","L-innocua","1_Batch"
"73","L-innocua","1_Batch"
"74","L-innocua","1_Batch"
"75","L-innocua","1_Batch"
"76","L-innocua","1_Batch"
"77","L-innocua","1_Batch"
"78","L-innocua","1_Batch"
"79","L-innocua","1_Batch"
"80","L-innocua","1_Batch"
"81","L-innocua","1_Batch"
"82","L-innocua","1_Batch"
"83","L-innocua","1_Batch"
"84","L-innocua","1_Batch"
"85","L-innocua","1_Batch"
"86","L-innocua","1_Batch"
"87","L-innocua","1_Batch"
"88","L-innocua","1_Batch"
"89","L-innocua","1_Batch"
"90","L-innocua","1_Batch"
"91","L-innocua","1_Batch"
"92","L-innocua","1_Batch"
"93","L-innocua","1_Batch"
"94","L-innocua","1_Batch"
"95","L-innocua","1_Batch"
"96","L-innocua","1_Batch"
"97","L-innocua","1_Batch"
"98","L-innocua","1_Batch"
"99","L-innocua","1_Batch"
"100","L-innocua","1_Batch"
"101","L-innocua","1_Batch"
"102","L-innocua","1_Batch"
"103","L-innocua","1_Batch"
"104","P-stutzeri","1_Batch"
"105","P-stutzeri","1_Batch"
"106","P-stutzeri","1_Batch"
"107","P-stutzeri","1_Batch"
"108","P-stutzeri","1_Batch"
"109","P-stutzeri","1_Batch"
"110","P-stutzeri","1_Batch"
"111","P-stutzeri","1_Batch"
"112","P-stutzeri","1_Batch"
"113","P-stutzeri","1_Batch"
"114","P-stutzeri","1_Batch"
"115","P-stutzeri","1_Batch"
"116","P-stutzeri","1_Batch"
"117","P-stutzeri","1_Batch"
"118","P-stutzeri","1_Batch"
"119","P-stutzeri","1_Batch"
"120","P-stutzeri","1_Batch"
"121","P-stutzeri","1_Batch"
"122","P-stutzeri","1_Batch"
"123","P-stutzeri","1_Batch"
"124","P-stutzeri","1_Batch"
"125","P-stutzeri","1_Batch"
"126","P-stutzeri","1_Batch"
"127","P-stutzeri","1_Batch"
"128","P-stutzeri","1_Batch"
"129","P-stutzeri","1_Batch"
"130","P-stutzeri","1_Batch"
"131","P-stutzeri","1_Batch"
"132","P-stutzeri","1_Batch"
"133","P-stutzeri","1_Batch"
"134","P-stutzeri","1_Batch"
"135","P-stutzeri","1_Batch"
"136","P-stutzeri","1_Batch"
"137","P-stutzeri","1_Batch"
"138","P-stutzeri","1_Batch"
"139","P-stutzeri","1_Batch"
"140","P-stutzeri","1_Batch"
"141","P-stutzeri","1_Batch"
"142","P-stutzeri","1_Batch"
"143","P-stutzeri","1_Batch"
"144","P-stutzeri","1_Batch"
"145","P-stutzeri","1_Batch"
"146","P-stutzeri","1_Batch"
"147","P-stutzeri","1_Batch"
"148","P-stutzeri","1_Batch"
"149","P-stutzeri","1_Batch"
"150","P-stutzeri","1_Batch"
"151","P-stutzeri","1_Batch"
"152","P-stutzeri","1_Batch"
"153","P-stutzeri","1_Batch"
"154","R-terrigena","1_Batch"
"155","R-terrigena","1_Batch"
"156","R-terrigena","1_Batch"
"157","R-terrigena","1_Batch"
"158","R-terrigena","1_Batch"
"159","R-terrigena","1_Batch"
"160","R-terrigena","1_Batch"
"161","R-terrigena","1_Batch"
"162","R-terrigena","1_Batch"
"163","R-terrigena","1_Batch"
"164","R-terrigena","1_Batch"
"165","R-terrigena","1_Batch"
"166","R-terrigena","1_Batch"
"167","R-terrigena","1_Batch"
"168","R-terrigena","1_Batch"
"169","R-terrigena","1_Batch"
"170","R-terrigena","1_Batch"
"171","R-terrigena","1_Batch"
"172","R-terrigena","1_Batch"
"173","R-terrigena","1_Batch"
"174","R-terrigena","1_Batch"
"175","R-terrigena","1_Batch"
"176","R-terrigena","1_Batch"
"177","R-terrigena","1_Batch"
"178","R-terrigena","1_Batch"
"179","R-terrigena","1_Batch"
"180","R-terrigena","1_Batch"
"181","R-terrigena","1_Batch"
"182","R-terrigena","1_Batch"
"183","R-terrigena","1_Batch"
"184","R-terrigena","1_Batch"
"185","R-terrigena","1_Batch"
"186","R-terrigena","1_Batch"
"187","R-terrigena","1_Batch"
"188","R-terrigena","1_Batch"
"189","R-terrigena","1_Batch"
"190","R-terrigena","1_Batch"
"191","R-terrigena","1_Batch"
"192","R-terrigena","1_Batch"
"193","R-terrigena","1_Batch"
"194","R-terrigena","1_Batch"
"195","R-terrigena","1_Batch"
"196","R-terrigena","1_Batch"
"197","R-terrigena","1_Batch"
"198","R-terrigena","1_Batch"
"199","R-terrigena","1_Batch"
"200","R-terrigena","1_Batch"
"201","R-terrigena","1_Batch"
"202","R-terrigena","1_Batch"
"203","R-terrigena","1_Batch"
"204","S-cohnii","1_Batch"
"205","S-cohnii","1_Batch"
"206","S-cohnii","1_Batch"
"207","S-cohnii","1_Batch"
"208","S-cohnii","1_Batch"
"209","S-cohnii","1_Batch"
"210","S-cohnii","1_Batch"
"211","S-cohnii","1_Batch"
"212","S-cohnii","1_Batch"
"213","S-cohnii","1_Batch"
"214","S-cohnii","1_Batch"
"215","S-cohnii","1_Batch"
"216","S-cohnii","1_Batch"
"217","S-cohnii","1_Batch"
"218","S-cohnii","1_Batch"
"219","S-cohnii","1_Batch"
"220","S-cohnii","1_Batch"
"221","S-cohnii","1_Batch"
"222","S-cohnii","1_Batch"
"223","S-cohnii","1_Batch"
"224","S-cohnii","1_Batch"
"225","S-cohnii","1_Batch"
"226","S-cohnii","1_Batch"
"227","S-cohnii","1_Batch"
"228","S-cohnii","1_Batch"
"229","S-cohnii","1_Batch"
"230","S-cohnii","1_Batch"
"231","S-cohnii","1_Batch"
"232","S-cohnii","1_Batch"
"233","S-cohnii","1_Batch"
"234","S-cohnii","1_Batch"
"235","S-cohnii","1_Batch"
"236","S-cohnii","1_Batch"
"237","S-cohnii","1_Batch"
"238","S-cohnii","1_Batch"
"239","S-cohnii","1_Batch"
"240","S-cohnii","1_Batch"
"241","S-cohnii","1_Batch"
"242","S-cohnii","1_Batch"
"243","S-cohnii","1_Batch"
"244","S-cohnii","1_Batch"
"245","S-cohnii","1_Batch"
"246","S-cohnii","1_Batch"
"247","S-cohnii","1_Batch"
"248","S-cohnii","1_Batch"
"249","S-cohnii","1_Batch"
"250","S-cohnii","1_Batch"
"251","S-cohnii","1_Batch"
"252","S-cohnii","1_Batch"
"253","S-cohnii","1_Batch"
"254","S-warneri","1_Batch"
"255","S-warneri","1_Batch"
"256","S-warneri","1_Batch"
"257","S-warneri","1_Batch"
"258","S-warneri","1_Batch"
"259","S-warneri","1_Batch"
"260","S-warneri","1_Batch"
"261","S-warneri","1_Batch"
"262","S-warneri","1_Batch"
"263","S-warneri","1_Batch"
"264","S-warneri","1_Batch"
"265","S-warneri","1_Batch"
"266","S-warneri","1_Batch"
"267","S-warneri","1_Batch"
"268","S-warneri","1_Batch"
"269","S-warneri","1_Batch"
"270","S-warneri","1_Batch"
"271","S-warneri","1_Batch"
"272","S-warneri","1_Batch"
"273","S-warneri","1_Batch"
"274","S-warneri","1_Batch"
"275","S-warneri","1_Batch"
"276","S-warneri","1_Batch"
"277","S-warneri","1_Batch"
"278","S-warneri","1_Batch"
"279","S-warneri","1_Batch"
"280","S-warneri","1_Batch"
"281","S-warneri","1_Batch"
"282","S-warneri","1_Batch"
"283","S-warneri","1_Batch"
"284","S-warneri","1_Batch"
"285","S-warneri","1_Batch"
"286","S-warneri","1_Batch"
"287","S-warneri","1_Batch"
"288","S-warneri","1_Batch"
"289","S-warneri","1_Batch"
"290","S-warneri","1_Batch"
"291","S-warneri","1_Batch"
"292","S-warneri","1_Batch"
"293","S-warneri","1_Batch"
"294","S-warneri","1_Batch"
"295","S-warneri","1_Batch"
"296","S-warneri","1_Batch"
"297","S-warneri","1_Batch"
"298","S-warneri","1_Batch"
"299","S-warneri","1_Batch"
"300","S-warneri","1_Batch"
"301","S-warneri","1_Batch"
"302","S-warneri","1_Batch"
"303","S-warneri","1_Batch"
"304","S-warneri","1_Batch"
"305","E-coli","2_Batch"
"306","E-coli","2_Batch"
"307","E-coli","2_Batch"
"308","E-coli","2_Batch"
"309","E-coli","2_Batch"
"310","E-coli","2_Batch"
"311","E-coli","2_Batch"
"312","E-coli","2_Batch"
"313","E-coli","2_Batch"
"314","E-coli","2_Batch"
"315","E-coli","2_Batch"
"316","E-coli","2_Batch"
"317","E-coli","2_Batch"
"318","E-coli","2_Batch"
"319","E-coli","2_Batch"
"320","E-coli","2_Batch"
"321","E-coli","2_Batch"
"322","E-coli","2_Batch"
"323","E-coli","2_Batch"
"324","E-coli","2_Batch"
"325","E-coli","2_Batch"
"326","E-coli","2_Batch"
"327","E-coli","2_Batch"
"328","E-coli","2_Batch"
"329","E-coli","2_Batch"
"330","E-coli","2_Batch"
"331","E-coli","2_Batch"
"332","E-coli","2_Batch"
"333","E-coli","2_Batch"
"334","E-coli","2_Batch"
"335","E-coli","2_Batch"
"336","E-coli","2_Batch"
"337","E-coli","2_Batch"
"338","E-coli","2_Batch"
"339","E-coli","2_Batch"
"340","E-coli","2_Batch"
"341","E-coli","2_Batch"
"342","E-coli","2_Batch"
"343","E-coli","2_Batch"
"344","E-coli","2_Batch"
"345","E-coli","2_Batch"
"346","E-coli","2_Batch"
"347","E-coli","2_Batch"
"348","E-coli","2_Batch"
"349","E-coli","2_Batch"
"350","E-coli","2_Batch"
"351","E-coli","2_Batch"
"352","E-coli","2_Batch"
"353","L-innocua","2_Batch"
"354","L-innocua","2_Batch"
"355","L-innocua","2_Batch"
"356","L-innocua","2_Batch"
"357","L-innocua","2_Batch"
"358","L-innocua","2_Batch"
"359","L-innocua","2_Batch"
"360","L-innocua","2_Batch"
"361","L-innocua","2_Batch"
"362","L-innocua","2_Batch"
"363","L-innocua","2_Batch"
"364","L-innocua","2_Batch"
"365","L-innocua","2_Batch"
"366","L-innocua","2_Batch"
"367","L-innocua","2_Batch"
"368","L-innocua","2_Batch"
"369","L-innocua","2_Batch"
"370","L-innocua","2_Batch"
"371","L-innocua","2_Batch"
"372","L-innocua","2_Batch"
"373","L-innocua","2_Batch"
"374","L-innocua","2_Batch"
"375","L-innocua","2_Batch"
"376","L-innocua","2_Batch"
"377","L-innocua","2_Batch"
"378","L-innocua","2_Batch"
"379","L-innocua","2_Batch"
"380","L-innocua","2_Batch"
"381","L-innocua","2_Batch"
"382","L-innocua","2_Batch"
"383","L-innocua","2_Batch"
"384","L-innocua","2_Batch"
"385","L-innocua","2_Batch"
"386","L-innocua","2_Batch"
"387","L-innocua","2_Batch"
"388","L-innocua","2_Batch"
"389","L-innocua","2_Batch"
"390","L-innocua","2_Batch"
"391","L-innocua","2_Batch"
"392","L-innocua","2_Batch"
"393","L-innocua","2_Batch"
"394","L-innocua","2_Batch"
"395","L-innocua","2_Batch"
"396","L-innocua","2_Batch"
"397","L-innocua","2_Batch"
"398","L-innocua","2_Batch"
"399","L-innocua","2_Batch"
"400","L-innocua","2_Batch"
"401","L-innocua","2_Batch"
"402","L-innocua","2_Batch"
"403","P-stutzeri","2_Batch"
"404","P-stutzeri","2_Batch"
"405","P-stutzeri","2_Batch"
"406","P-stutzeri","2_Batch"
"407","P-stutzeri","2_Batch"
"408","P-stutzeri","2_Batch"
"409","P-stutzeri","2_Batch"
"410","P-stutzeri","2_Batch"
"411","P-stutzeri","2_Batch"
"412","P-stutzeri","2_Batch"
"413","P-stutzeri","2_Batch"
"414","P-stutzeri","2_Batch"
"415","P-stutzeri","2_Batch"
"416","P-stutzeri","2_Batch"
"417","P-stutzeri","2_Batch"
"418","P-stutzeri","2_Batch"
"419","P-stutzeri","2_Batch"
"420","P-stutzeri","2_Batch"
"421","P-stutzeri","2_Batch"
"422","P-stutzeri","2_Batch"
"423","P-stutzeri","2_Batch"
"424","P-stutzeri","2_Batch"
"425","P-stutzeri","2_Batch"
"426","P-stutzeri","2_Batch"
"427","P-stutzeri","2_Batch"
"428","P-stutzeri","2_Batch"
"429","P-stutzeri","2_Batch"
"430","P-stutzeri","2_Batch"
"431","P-stutzeri","2_Batch"
"432","P-stutzeri","2_Batch"
"433","P-stutzeri","2_Batch"
"434","P-stutzeri","2_Batch"
"435","P-stutzeri","2_Batch"
"436","P-stutzeri","2_Batch"
"437","P-stutzeri","2_Batch"
"438","P-stutzeri","2_Batch"
"439","P-stutzeri","2_Batch"
"440","P-stutzeri","2_Batch"
"441","P-stutzeri","2_Batch"
"442","P-stutzeri","2_Batch"
"443","P-stutzeri","2_Batch"
"444","P-stutzeri","2_Batch"
"445","P-stutzeri","2_Batch"
"446","P-stutzeri","2_Batch"
"447","P-stutzeri","2_Batch"
"448","P-stutzeri","2_Batch"
"449","P-stutzeri","2_Batch"
"450","P-stutzeri","2_Batch"
"451","P-stutzeri","2_Batch"
"452","P-stutzeri","2_Batch"
"453","R-terrigena","2_Batch"
"454","R-terrigena","2_Batch"
"455","R-terrigena","2_Batch"
"456","R-terrigena","2_Batch"
"457","R-terrigena","2_Batch"
"458","R-terrigena","2_Batch"
"459","R-terrigena","2_Batch"
"460","R-terrigena","2_Batch"
"461","R-terrigena","2_Batch"
"462","R-terrigena","2_Batch"
"463","R-terrigena","2_Batch"
"464","R-terrigena","2_Batch"
"465","R-terrigena","2_Batch"
"466","R-terrigena","2_Batch"
"467","R-terrigena","2_Batch"
"468","R-terrigena","2_Batch"
"469","R-terrigena","2_Batch"
"470","R-terrigena","2_Batch"
"471","R-terrigena","2_Batch"
"472","R-terrigena","2_Batch"
"473","R-terrigena","2_Batch"
"474","R-terrigena","2_Batch"
"475","R-terrigena","2_Batch"
"476","R-terrigena","2_Batch"
"477","R-terrigena","2_Batch"
"478","R-terrigena","2_Batch"
"479","R-terrigena","2_Batch"
"480","R-terrigena","2_Batch"
"481","R-terrigena","2_Batch"
"482","R-terrigena","2_Batch"
"483","R-terrigena","2_Batch"
"484","R-terrigena","2_Batch"
"485","R-terrigena","2_Batch"
"486","R-terrigena","2_Batch"
"487","R-terrigena","2_Batch"
"488","R-terrigena","2_Batch"
"489","R-terrigena","2_Batch"
"490","R-terrigena","2_Batch"
"491","R-terrigena","2_Batch"
"492","R-terrigena","2_Batch"
"493","R-terrigena","2_Batch"
"494","R-terrigena","2_Batch"
"495","R-terrigena","2_Batch"
"496","R-terrigena","2_Batch"
"497","R-terrigena","2_Batch"
"498","R-terrigena","2_Batch"
"499","R-terrigena","2_Batch"
"500","R-terrigena","2_Batch"
"501","R-terrigena","2_Batch"
"502","R-terrigena","2_Batch"
"503","R-terrigena","2_Batch"
"504","R-terrigena","2_Batch"
"505","S-cohnii","2_Batch"
"506","S-cohnii","2_Batch"
"507","S-cohnii","2_Batch"
"508","S-cohnii","2_Batch"
"509","S-cohnii","2_Batch"
"510","S-cohnii","2_Batch"
"511","S-cohnii","2_Batch"
"512","S-cohnii","2_Batch"
"513","S-cohnii","2_Batch"
"514","S-cohnii","2_Batch"
"515","S-cohnii","2_Batch"
"516","S-cohnii","2_Batch"
"517","S-cohnii","2_Batch"
"518","S-cohnii","2_Batch"
"519","S-cohnii","2_Batch"
"520","S-cohnii","2_Batch"
"521","S-cohnii","2_Batch"
"522","S-cohnii","2_Batch"
"523","S-cohnii","2_Batch"
"524","S-cohnii","2_Batch"
"525","S-cohnii","2_Batch"
"526","S-cohnii","2_Batch"
"527","S-cohnii","2_Batch"
"528","S-cohnii","2_Batch"
"529","S-cohnii","2_Batch"
"530","S-cohnii","2_Batch"
"531","S-cohnii","2_Batch"
"532","S-cohnii","2_Batch"
"533","S-cohnii","2_Batch"
"534","S-cohnii","2_Batch"
"535","S-cohnii","2_Batch"
"536","S-cohnii","2_Batch"
"537","S-cohnii","2_Batch"
"538","S-cohnii","2_Batch"
"539","S-cohnii","2_Batch"
"540","S-cohnii","2_Batch"
"541","S-cohnii","2_Batch"
"542","S-cohnii","2_Batch"
"543","S-cohnii","2_Batch"
"544","S-cohnii","2_Batch"
"545","S-cohnii","2_Batch"
"546","S-cohnii","2_Batch"
"547","S-cohnii","2_Batch"
"548","S-cohnii","2_Batch"
"549","S-cohnii","2_Batch"
"550","S-cohnii","2_Batch"
"551","S-cohnii","2_Batch"
"552","S-cohnii","2_Batch"
"553","S-cohnii","2_Batch"
"554","S-warneri","2_Batch"
"555","S-warneri","2_Batch"
"556","S-warneri","2_Batch"
"557","S-warneri","2_Batch"
"558","S-warneri","2_Batch"
"559","S-warneri","2_Batch"
"560","S-warneri","2_Batch"
"561","S-warneri","2_Batch"
"562","S-warneri","2_Batch"
"563","S-warneri","2_Batch"
"564","S-warneri","2_Batch"
"565","S-warneri","2_Batch"
"566","S-warneri","2_Batch"
"567","S-warneri","2_Batch"
"568","S-warneri","2_Batch"
"569","S-warneri","2_Batch"
"570","S-warneri","2_Batch"
"571","S-warneri","2_Batch"
"572","S-warneri","2_Batch"
"573","S-warneri","2_Batch"
"574","S-warneri","2_Batch"
"575","S-warneri","2_Batch"
"576","S-warneri","2_Batch"
"577","S-warneri","2_Batch"
"578","S-warneri","2_Batch"
"579","S-warneri","2_Batch"
"580","S-warneri","2_Batch"
"581","S-warneri","2_Batch"
"582","S-warneri","2_Batch"
"583","S-warneri","2_Batch"
"584","S-warneri","2_Batch"
"585","S-warneri","2_Batch"
"586","S-warneri","2_Batch"
"587","S-warneri","2_Batch"
"588","S-warneri","2_Batch"
"589","S-warneri","2_Batch"
"590","S-warneri","2_Batch"
"591","S-warneri","2_Batch"
"592","S-warneri","2_Batch"
"593","S-warneri","2_Batch"
"594","S-warneri","2_Batch"
"595","S-warneri","2_Batch"
"596","S-warneri","2_Batch"
"597","S-warneri","2_Batch"
"598","S-warneri","2_Batch"
"599","S-warneri","2_Batch"
"600","S-warneri","2_Batch"
"601","S-warneri","2_Batch"
"602","S-warneri","2_Batch"
"603","S-warneri","2_Batch"
"604","E-coli","3_Batch"
"605","E-coli","3_Batch"
"606","E-coli","3_Batch"
"607","E-coli","3_Batch"
"608","E-coli","3_Batch"
"609","E-coli","3_Batch"
"610","E-coli","3_Batch"
"611","E-coli","3_Batch"
"612","E-coli","3_Batch"
"613","E-coli","3_Batch"
"614","E-coli","3_Batch"
"615","E-coli","3_Batch"
"616","E-coli","3_Batch"
"617","E-coli","3_Batch"
"618","E-coli","3_Batch"
"619","E-coli","3_Batch"
"620","E-coli","3_Batch"
"621","E-coli","3_Batch"
"622","E-coli","3_Batch"
"623","E-coli","3_Batch"
"624","E-coli","3_Batch"
"625","E-coli","3_Batch"
"626","E-coli","3_Batch"
"627","E-coli","3_Batch"
"628","E-coli","3_Batch"
"629","E-coli","3_Batch"
"630","E-coli","3_Batch"
"631","E-coli","3_Batch"
"632","E-coli","3_Batch"
"633","E-coli","3_Batch"
"634","E-coli","3_Batch"
"635","E-coli","3_Batch"
"636","E-coli","3_Batch"
"637","E-coli","3_Batch"
"638","E-coli","3_Batch"
"639","E-coli","3_Batch"
"640","E-coli","3_Batch"
"641","E-coli","3_Batch"
"642","E-coli","3_Batch"
"643","E-coli","3_Batch"
"644","E-coli","3_Batch"
"645","E-coli","3_Batch"
"646","E-coli","3_Batch"
"647","E-coli","3_Batch"
"648","E-coli","3_Batch"
"649","E-coli","3_Batch"
"650","E-coli","3_Batch"
"651","E-coli","3_Batch"
"652","E-coli","3_Batch"
"653","E-coli","3_Batch"
"654","L-innocua","3_Batch"
"655","L-innocua","3_Batch"
"656","L-innocua","3_Batch"
"657","L-innocua","3_Batch"
"658","L-innocua","3_Batch"
"659","L-innocua","3_Batch"
"660","L-innocua","3_Batch"
"661","L-innocua","3_Batch"
"662","L-innocua","3_Batch"
"663","L-innocua","3_Batch"
"664","L-innocua","3_Batch"
"665","L-innocua","3_Batch"
"666","L-innocua","3_Batch"
"667","L-innocua","3_Batch"
"668","L-innocua","3_Batch"
"669","L-innocua","3_Batch"
"670","L-innocua","3_Batch"
"671","L-innocua","3_Batch"
"672","L-innocua","3_Batch"
"673","L-innocua","3_Batch"
"674","L-innocua","3_Batch"
"675","L-innocua","3_Batch"
"676","L-innocua","3_Batch"
"677","L-innocua","3_Batch"
"678","L-innocua","3_Batch"
"679","L-innocua","3_Batch"
"680","L-innocua","3_Batch"
"681","L-innocua","3_Batch"
"682","L-innocua","3_Batch"
"683","L-innocua","3_Batch"
"684","L-innocua","3_Batch"
"685","L-innocua","3_Batch"
"686","L-innocua","3_Batch"
"687","L-innocua","3_Batch"
"688","L-innocua","3_Batch"
"689","L-innocua","3_Batch"
"690","L-innocua","3_Batch"
"691","L-innocua","3_Batch"
"692","L-innocua","3_Batch"
"693","L-innocua","3_Batch"
"694","L-innocua","3_Batch"
"695","L-innocua","3_Batch"
"696","L-innocua","3_Batch"
"697","L-innocua","3_Batch"
"698","L-innocua","3_Batch"
"699","L-innocua","3_Batch"
"700","L-innocua","3_Batch"
"701","L-innocua","3_Batch"
"702","L-innocua","3_Batch"
"703","L-innocua","3_Batch"
"704","L-innocua","3_Batch"
"705","L-innocua","3_Batch"
"706","L-innocua","3_Batch"
"707","L-innocua","3_Batch"
"708","P-stutzeri","3_Batch"
"709","P-stutzeri","3_Batch"
"710","P-stutzeri","3_Batch"
"711","P-stutzeri","3_Batch"
"712","P-stutzeri","3_Batch"
"713","P-stutzeri","3_Batch"
"714","P-stutzeri","3_Batch"
"715","P-stutzeri","3_Batch"
"716","P-stutzeri","3_Batch"
"717","P-stutzeri","3_Batch"
"718","P-stutzeri","3_Batch"
"719","P-stutzeri","3_Batch"
"720","P-stutzeri","3_Batch"
"721","P-stutzeri","3_Batch"
"722","P-stutzeri","3_Batch"
"723","P-stutzeri","3_Batch"
"724","P-stutzeri","3_Batch"
"725","P-stutzeri","3_Batch"
"726","P-stutzeri","3_Batch"
"727","P-stutzeri","3_Batch"
"728","P-stutzeri","3_Batch"
"729","P-stutzeri","3_Batch"
"730","P-stutzeri","3_Batch"
"731","P-stutzeri","3_Batch"
"732","P-stutzeri","3_Batch"
"733","P-stutzeri","3_Batch"
"734","P-stutzeri","3_Batch"
"735","P-stutzeri","3_Batch"
"736","P-stutzeri","3_Batch"
"737","P-stutzeri","3_Batch"
"738","P-stutzeri","3_Batch"
"739","P-stutzeri","3_Batch"
"740","P-stutzeri","3_Batch"
"741","P-stutzeri","3_Batch"
"742","P-stutzeri","3_Batch"
"743","P-stutzeri","3_Batch"
"744","P-stutzeri","3_Batch"
"745","P-stutzeri","3_Batch"
"746","P-stutzeri","3_Batch"
"747","P-stutzeri","3_Batch"
"748","P-stutzeri","3_Batch"
"749","P-stutzeri","3_Batch"
"750","P-stutzeri","3_Batch"
"751","P-stutzeri","3_Batch"
"752","P-stutzeri","3_Batch"
"753","P-stutzeri","3_Batch"
"754","P-stutzeri","3_Batch"
"755","P-stutzeri","3_Batch"
"756","P-stutzeri","3_Batch"
"757","P-stutzeri","3_Batch"
"758","P-stutzeri","3_Batch"
"759","R-terrigena","3_Batch"
"760","R-terrigena","3_Batch"
"761","R-terrigena","3_Batch"
"762","R-terrigena","3_Batch"
"763","R-terrigena","3_Batch"
"764","R-terrigena","3_Batch"
"765","R-terrigena","3_Batch"
"766","R-terrigena","3_Batch"
"767","R-terrigena","3_Batch"
"768","R-terrigena","3_Batch"
"769","R-terrigena","3_Batch"
"770","R-terrigena","3_Batch"
"771","R-terrigena","3_Batch"
"772","R-terrigena","3_Batch"
"773","R-terrigena","3_Batch"
"774","R-terrigena","3_Batch"
"775","R-terrigena","3_Batch"
"776","R-terrigena","3_Batch"
"777","R-terrigena","3_Batch"
"778","R-terrigena","3_Batch"
"779","R-terrigena","3_Batch"
"780","R-terrigena","3_Batch"
"781","R-terrigena","3_Batch"
"782","R-terrigena","3_Batch"
"783","R-terrigena","3_Batch"
"784","R-terrigena","3_Batch"
"785","R-terrigena","3_Batch"
"786","R-terrigena","3_Batch"
"787","R-terrigena","3_Batch"
"788","R-terrigena","3_Batch"
"789","R-terrigena","3_Batch"
"790","R-terrigena","3_Batch"
"791","R-terrigena","3_Batch"
"792","R-terrigena","3_Batch"
"793","R-terrigena","3_Batch"
"794","R-terrigena","3_Batch"
"795","R-terrigena","3_Batch"
"796","R-terrigena","3_Batch"
"797","R-terrigena","3_Batch"
"798","R-terrigena","3_Batch"
"799","R-terrigena","3_Batch"
"800","R-terrigena","3_Batch"
"801","R-terrigena","3_Batch"
"802","R-terrigena","3_Batch"
"803","R-terrigena","3_Batch"
"804","R-terrigena","3_Batch"
"805","R-terrigena","3_Batch"
"806","R-terrigena","3_Batch"
"807","R-terrigena","3_Batch"
"808","R-terrigena","3_Batch"
"809","R-terrigena","3_Batch"
"810","S-cohnii","3_Batch"
"811","S-cohnii","3_Batch"
"812","S-cohnii","3_Batch"
"813","S-cohnii","3_Batch"
"814","S-cohnii","3_Batch"
"815","S-cohnii","3_Batch"
"816","S-cohnii","3_Batch"
"817","S-cohnii","3_Batch"
"818","S-cohnii","3_Batch"
"819","S-cohnii","3_Batch"
"820","S-cohnii","3_Batch"
"821","S-cohnii","3_Batch"
"822","S-cohnii","3_Batch"
"823","S-cohnii","3_Batch"
"824","S-cohnii","3_Batch"
"825","S-cohnii","3_Batch"
"826","S-cohnii","3_Batch"
"827","S-cohnii","3_Batch"
"828","S-cohnii","3_Batch"
"829","S-cohnii","3_Batch"
"830","S-cohnii","3_Batch"
"831","S-cohnii","3_Batch"
"832","S-cohnii","3_Batch"
"833","S-cohnii","3_Batch"
"834","S-cohnii","3_Batch"
"835","S-cohnii","3_Batch"
"836","S-cohnii","3_Batch"
"837","S-cohnii","3_Batch"
"838","S-cohnii","3_Batch"
"839","S-cohnii","3_Batch"
"840","S-cohnii","3_Batch"
"841","S-cohnii","3_Batch"
"842","S-cohnii","3_Batch"
"843","S-cohnii","3_Batch"
"844","S-cohnii","3_Batch"
"845","S-cohnii","3_Batch"
"846","S-cohnii","3_Batch"
"847","S-cohnii","3_Batch"
"848","S-cohnii","3_Batch"
"849","S-cohnii","3_Batch"
"850","S-cohnii","3_Batch"
"851","S-cohnii","3_Batch"
"852","S-cohnii","3_Batch"
"853","S-cohnii","3_Batch"
"854","S-cohnii","3_Batch"
"855","S-cohnii","3_Batch"
"856","S-cohnii","3_Batch"
"857","S-cohnii","3_Batch"
"858","S-cohnii","3_Batch"
"859","S-cohnii","3_Batch"
"860","S-cohnii","3_Batch"
"861","S-warneri","3_Batch"
"862","S-warneri","3_Batch"
"863","S-warneri","3_Batch"
"864","S-warneri","3_Batch"
"865","S-warneri","3_Batch"
"866","S-warneri","3_Batch"
"867","S-warneri","3_Batch"
"868","S-warneri","3_Batch"
"869","S-warneri","3_Batch"
"870","S-warneri","3_Batch"
"871","S-warneri","3_Batch"
"872","S-warneri","3_Batch"
"873","S-warneri","3_Batch"
"874","S-warneri","3_Batch"
"875","S-warneri","3_Batch"
"876","S-warneri","3_Batch"
"877","S-warneri","3_Batch"
"878","S-warneri","3_Batch"
"879","S-warneri","3_Batch"
"880","S-warneri","3_Batch"
"881","S-warneri","3_Batch"
"882","S-warneri","3_Batch"
"883","S-warneri","3_Batch"
"884","S-warneri","3_Batch"
"885","S-warneri","3_Batch"
"886","S-warneri","3_Batch"
"887","S-warneri","3_Batch"
"888","S-warneri","3_Batch"
"889","S-warneri","3_Batch"
"890","S-warneri","3_Batch"
"891","S-warneri","3_Batch"
"892","S-warneri","3_Batch"
"893","S-warneri","3_Batch"
"894","S-warneri","3_Batch"
"895","S-warneri","3_Batch"
"896","S-warneri","3_Batch"
"897","S-warneri","3_Batch"
"898","S-warneri","3_Batch"
"899","S-warneri","3_Batch"
"900","S-warneri","3_Batch"
"901","S-warneri","3_Batch"
"902","S-warneri","3_Batch"
"903","S-warneri","3_Batch"
"904","S-warneri","3_Batch"
"905","S-warneri","3_Batch"
"906","S-warneri","3_Batch"
"907","S-warneri","3_Batch"
"908","S-warneri","3_Batch"
"909","S-warneri","3_Batch"
"910","S-warneri","3_Batch"
"911","S-warneri","3_Batch"
"912","E-coli","4_Batch"
"913","E-coli","4_Batch"
"914","E-coli","4_Batch"
"915","E-coli","4_Batch"
"916","E-coli","4_Batch"
"917","E-coli","4_Batch"
"918","E-coli","4_Batch"
"919","E-coli","4_Batch"
"920","E-coli","4_Batch"
"921","E-coli","4_Batch"
"922","E-coli","4_Batch"
"923","E-coli","4_Batch"
"924","E-coli","4_Batch"
"925","E-coli","4_Batch"
"926","E-coli","4_Batch"
"927","E-coli","4_Batch"
"928","E-coli","4_Batch"
"929","E-coli","4_Batch"
"930","E-coli","4_Batch"
"931","E-coli","4_Batch"
"932","E-coli","4_Batch"
"933","E-coli","4_Batch"
"934","E-coli","4_Batch"
"935","E-coli","4_Batch"
"936","E-coli","4_Batch"
"937","E-coli","4_Batch"
"938","E-coli","4_Batch"
"939","E-coli","4_Batch"
"940","E-coli","4_Batch"
"941","E-coli","4_Batch"
"942","E-coli","4_Batch"
"943","E-coli","4_Batch"
"944","E-coli","4_Batch"
"945","E-coli","4_Batch"
"946","E-coli","4_Batch"
"947","E-coli","4_Batch"
"948","E-coli","4_Batch"
"949","E-coli","4_Batch"
"950","E-coli","4_Batch"
"951","E-coli","4_Batch"
"952","E-coli","4_Batch"
"953","E-coli","4_Batch"
"954","E-coli","4_Batch"
"955","E-coli","4_Batch"
"956","E-coli","4_Batch"
"957","E-coli","4_Batch"
"958","E-coli","4_Batch"
"959","E-coli","4_Batch"
"960","E-coli","4_Batch"
"961","L-innocua","4_Batch"
"962","L-innocua","4_Batch"
"963","L-innocua","4_Batch"
"964","L-innocua","4_Batch"
"965","L-innocua","4_Batch"
"966","L-innocua","4_Batch"
"967","L-innocua","4_Batch"
"968","L-innocua","4_Batch"
"969","L-innocua","4_Batch"
"970","L-innocua","4_Batch"
"971","L-innocua","4_Batch"
"972","L-innocua","4_Batch"
"973","L-innocua","4_Batch"
"974","L-innocua","4_Batch"
"975","L-innocua","4_Batch"
"976","L-innocua","4_Batch"
"977","L-innocua","4_Batch"
"978","L-innocua","4_Batch"
"979","L-innocua","4_Batch"
"980","L-innocua","4_Batch"
"981","L-innocua","4_Batch"
"982","L-innocua","4_Batch"
"983","L-innocua","4_Batch"
"984","L-innocua","4_Batch"
"985","L-innocua","4_Batch"
"986","L-innocua","4_Batch"
"987","L-innocua","4_Batch"
"988","L-innocua","4_Batch"
"989","L-innocua","4_Batch"
"990","L-innocua","4_Batch"
"991","L-innocua","4_Batch"
"992","L-innocua","4_Batch"
"993","L-innocua","4_Batch"
"994","L-innocua","4_Batch"
"995","L-innocua","4_Batch"
"996","L-innocua","4_Batch"
"997","L-innocua","4_Batch"
"998","L-innocua","4_Batch"
"999","L-innocua","4_Batch"
"1000","L-innocua","4_Batch"
"1001","L-innocua","4_Batch"
"1002","L-innocua","4_Batch"
"1003","L-innocua","4_Batch"
"1004","L-innocua","4_Batch"
"1005","L-innocua","4_Batch"
"1006","L-innocua","4_Batch"
"1007","L-innocua","4_Batch"
"1008","L-innocua","4_Batch"
"1009","L-innocua","4_Batch"
"1010","L-innocua","4_Batch"
"1011","L-innocua","4_Batch"
"1012","P-stutzeri","4_Batch"
"1013","P-stutzeri","4_Batch"
"1014","P-stutzeri","4_Batch"
"1015","P-stutzeri","4_Batch"
"1016","P-stutzeri","4_Batch"
"1017","P-stutzeri","4_Batch"
"1018","P-stutzeri","4_Batch"
"1019","P-stutzeri","4_Batch"
"1020","P-stutzeri","4_Batch"
"1021","P-stutzeri","4_Batch"
"1022","P-stutzeri","4_Batch"
"1023","P-stutzeri","4_Batch"
"1024","P-stutzeri","4_Batch"
"1025","P-stutzeri","4_Batch"
"1026","P-stutzeri","4_Batch"
"1027","P-stutzeri","4_Batch"
"1028","P-stutzeri","4_Batch"
"1029","P-stutzeri","4_Batch"
"1030","P-stutzeri","4_Batch"
"1031","P-stutzeri","4_Batch"
"1032","P-stutzeri","4_Batch"
"1033","P-stutzeri","4_Batch"
"1034","P-stutzeri","4_Batch"
"1035","P-stutzeri","4_Batch"
"1036","P-stutzeri","4_Batch"
"1037","P-stutzeri","4_Batch"
"1038","P-stutzeri","4_Batch"
"1039","P-stutzeri","4_Batch"
"1040","P-stutzeri","4_Batch"
"1041","P-stutzeri","4_Batch"
"1042","P-stutzeri","4_Batch"
"1043","P-stutzeri","4_Batch"
"1044","P-stutzeri","4_Batch"
"1045","P-stutzeri","4_Batch"
"1046","P-stutzeri","4_Batch"
"1047","P-stutzeri","4_Batch"
"1048","P-stutzeri","4_Batch"
"1049","P-stutzeri","4_Batch"
"1050","P-stutzeri","4_Batch"
"1051","P-stutzeri","4_Batch"
"1052","P-stutzeri","4_Batch"
"1053","P-stutzeri","4_Batch"
"1054","P-stutzeri","4_Batch"
"1055","P-stutzeri","4_Batch"
"1056","P-stutzeri","4_Batch"
"1057","P-stutzeri","4_Batch"
"1058","P-stutzeri","4_Batch"
"1059","P-stutzeri","4_Batch"
"1060","P-stutzeri","4_Batch"
"1061","P-stutzeri","4_Batch"
"1062","R-terrigena","4_Batch"
"1063","R-terrigena","4_Batch"
"1064","R-terrigena","4_Batch"
"1065","R-terrigena","4_Batch"
"1066","R-terrigena","4_Batch"
"1067","R-terrigena","4_Batch"
"1068","R-terrigena","4_Batch"
"1069","R-terrigena","4_Batch"
"1070","R-terrigena","4_Batch"
"1071","R-terrigena","4_Batch"
"1072","R-terrigena","4_Batch"
"1073","R-terrigena","4_Batch"
"1074","R-terrigena","4_Batch"
"1075","R-terrigena","4_Batch"
"1076","R-terrigena","4_Batch"
"1077","R-terrigena","4_Batch"
"1078","R-terrigena","4_Batch"
"1079","R-terrigena","4_Batch"
"1080","R-terrigena","4_Batch"
"1081","R-terrigena","4_Batch"
"1082","R-terrigena","4_Batch"
"1083","R-terrigena","4_Batch"
"1084","R-terrigena","4_Batch"
"1085","R-terrigena","4_Batch"
"1086","R-terrigena","4_Batch"
"1087","R-terrigena","4_Batch"
"1088","R-terrigena","4_Batch"
"1089","R-terrigena","4_Batch"
"1090","R-terrigena","4_Batch"
"1091","R-terrigena","4_Batch"
"1092","R-terrigena","4_Batch"
"1093","R-terrigena","4_Batch"
"1094","R-terrigena","4_Batch"
"1095","R-terrigena","4_Batch"
"1096","R-terrigena","4_Batch"
"1097","R-terrigena","4_Batch"
"1098","R-terrigena","4_Batch"
"1099","R-terrigena","4_Batch"
"1100","R-terrigena","4_Batch"
"1101","R-terrigena","4_Batch"
"1102","R-terrigena","4_Batch"
"1103","R-terrigena","4_Batch"
"1104","R-terrigena","4_Batch"
"1105","R-terrigena","4_Batch"
"1106","R-terrigena","4_Batch"
"1107","R-terrigena","4_Batch"
"1108","R-terrigena","4_Batch"
"1109","R-terrigena","4_Batch"
"1110","R-terrigena","4_Batch"
"1111","R-terrigena","4_Batch"
"1112","S-cohnii","4_Batch"
"1113","S-cohnii","4_Batch"
"1114","S-cohnii","4_Batch"
"1115","S-cohnii","4_Batch"
"1116","S-cohnii","4_Batch"
"1117","S-cohnii","4_Batch"
"1118","S-cohnii","4_Batch"
"1119","S-cohnii","4_Batch"
"1120","S-cohnii","4_Batch"
"1121","S-cohnii","4_Batch"
"1122","S-cohnii","4_Batch"
"1123","S-cohnii","4_Batch"
"1124","S-cohnii","4_Batch"
"1125","S-cohnii","4_Batch"
"1126","S-cohnii","4_Batch"
"1127","S-cohnii","4_Batch"
"1128","S-cohnii","4_Batch"
"1129","S-cohnii","4_Batch"
"1130","S-cohnii","4_Batch"
"1131","S-cohnii","4_Batch"
"1132","S-cohnii","4_Batch"
"1133","S-cohnii","4_Batch"
"1134","S-cohnii","4_Batch"
"1135","S-cohnii","4_Batch"
"1136","S-cohnii","4_Batch"
"1137","S-cohnii","4_Batch"
"1138","S-cohnii","4_Batch"
"1139","S-cohnii","4_Batch"
"1140","S-cohnii","4_Batch"
"1141","S-cohnii","4_Batch"
"1142","S-cohnii","4_Batch"
"1143","S-cohnii","4_Batch"
"1144","S-cohnii","4_Batch"
"1145","S-cohnii","4_Batch"
"1146","S-cohnii","4_Batch"
"1147","S-cohnii","4_Batch"
"1148","S-cohnii","4_Batch"
"1149","S-cohnii","4_Batch"
"1150","S-cohnii","4_Batch"
"1151","S-cohnii","4_Batch"
"1152","S-cohnii","4_Batch"
"1153","S-cohnii","4_Batch"
"1154","S-cohnii","4_Batch"
"1155","S-cohnii","4_Batch"
"1156","S-cohnii","4_Batch"
"1157","S-cohnii","4_Batch"
"1158","S-cohnii","4_Batch"
"1159","S-cohnii","4_Batch"
"1160","S-cohnii","4_Batch"
"1161","S-cohnii","4_Batch"
"1162","S-warneri","4_Batch"
"1163","S-warneri","4_Batch"
"1164","S-warneri","4_Batch"
"1165","S-warneri","4_Batch"
"1166","S-warneri","4_Batch"
"1167","S-warneri","4_Batch"
"1168","S-warneri","4_Batch"
"1169","S-warneri","4_Batch"
"1170","S-warneri","4_Batch"
"1171","S-warneri","4_Batch"
"1172","S-warneri","4_Batch"
"1173","S-warneri","4_Batch"
"1174","S-warneri","4_Batch"
"1175","S-warneri","4_Batch"
"1176","S-warneri","4_Batch"
"1177","S-warneri","4_Batch"
"1178","S-warneri","4_Batch"
"1179","S-warneri","4_Batch"
"1180","S-warneri","4_Batch"
"1181","S-warneri","4_Batch"
"1182","S-warneri","4_Batch"
"1183","S-warneri","4_Batch"
"1184","S-warneri","4_Batch"
"1185","S-warneri","4_Batch"
"1186","S-warneri","4_Batch"
"1187","S-warneri","4_Batch"
"1188","S-warneri","4_Batch"
"1189","S-warneri","4_Batch"
"1190","S-warneri","4_Batch"
"1191","S-warneri","4_Batch"
"1192","S-warneri","4_Batch"
"1193","S-warneri","4_Batch"
"1194","S-warneri","4_Batch"
"1195","S-warneri","4_Batch"
"1196","S-warneri","4_Batch"
"1197","S-warneri","4_Batch"
"1198","S-warneri","4_Batch"
"1199","S-warneri","4_Batch"
"1200","S-warneri","4_Batch"
"1201","S-warneri","4_Batch"
"1202","S-warneri","4_Batch"
"1203","S-warneri","4_Batch"
"1204","S-warneri","4_Batch"
"1205","S-warneri","4_Batch"
"1206","S-warneri","4_Batch"
"1207","S-warneri","4_Batch"
"1208","S-warneri","4_Batch"
"1209","S-warneri","4_Batch"
"1210","S-warneri","4_Batch"
"1211","S-warneri","4_Batch"
"1212","E-coli","5_Batch"
"1213","E-coli","5_Batch"
"1214","E-coli","5_Batch"
"1215","E-coli","5_Batch"
"1216","E-coli","5_Batch"
"1217","E-coli","5_Batch"
"1218","E-coli","5_Batch"
"1219","E-coli","5_Batch"
"1220","E-coli","5_Batch"
"1221","E-coli","5_Batch"
"1222","E-coli","5_Batch"
"1223","E-coli","5_Batch"
"1224","E-coli","5_Batch"
"1225","E-coli","5_Batch"
"1226","E-coli","5_Batch"
"1227","E-coli","5_Batch"
"1228","E-coli","5_Batch"
"1229","E-coli","5_Batch"
"1230","E-coli","5_Batch"
"1231","E-coli","5_Batch"
"1232","E-coli","5_Batch"
"1233","E-coli","5_Batch"
"1234","E-coli","5_Batch"
"1235","E-coli","5_Batch"
"1236","E-coli","5_Batch"
"1237","E-coli","5_Batch"
"1238","E-coli","5_Batch"
"1239","E-coli","5_Batch"
"1240","E-coli","5_Batch"
"1241","E-coli","5_Batch"
"1242","E-coli","5_Batch"
"1243","E-coli","5_Batch"
"1244","E-coli","5_Batch"
"1245","E-coli","5_Batch"
"1246","E-coli","5_Batch"
"1247","E-coli","5_Batch"
"1248","E-coli","5_Batch"
"1249","E-coli","5_Batch"
"1250","E-coli","5_Batch"
"1251","E-coli","5_Batch"
"1252","E-coli","5_Batch"
"1253","E-coli","5_Batch"
"1254","E-coli","5_Batch"
"1255","E-coli","5_Batch"
"1256","E-coli","5_Batch"
"1257","E-coli","5_Batch"
"1258","E-coli","5_Batch"
"1259","E-coli","5_Batch"
"1260","E-coli","5_Batch"
"1261","E-coli","5_Batch"
"1262","L-innocua","5_Batch"
"1263","L-innocua","5_Batch"
"1264","L-innocua","5_Batch"
"1265","L-innocua","5_Batch"
"1266","L-innocua","5_Batch"
"1267","L-innocua","5_Batch"
"1268","L-innocua","5_Batch"
"1269","L-innocua","5_Batch"
"1270","L-innocua","5_Batch"
"1271","L-innocua","5_Batch"
"1272","L-innocua","5_Batch"
"1273","L-innocua","5_Batch"
"1274","L-innocua","5_Batch"
"1275","L-innocua","5_Batch"
"1276","L-innocua","5_Batch"
"1277","L-innocua","5_Batch"
"1278","L-innocua","5_Batch"
"1279","L-innocua","5_Batch"
"1280","L-innocua","5_Batch"
"1281","L-innocua","5_Batch"
"1282","L-innocua","5_Batch"
"1283","L-innocua","5_Batch"
"1284","L-innocua","5_Batch"
"1285","L-innocua","5_Batch"
"1286","L-innocua","5_Batch"
"1287","L-innocua","5_Batch"
"1288","L-innocua","5_Batch"
"1289","L-innocua","5_Batch"
"1290","L-innocua","5_Batch"
"1291","L-innocua","5_Batch"
"1292","L-innocua","5_Batch"
"1293","L-innocua","5_Batch"
"1294","L-innocua","5_Batch"
"1295","L-innocua","5_Batch"
"1296","L-innocua","5_Batch"
"1297","L-innocua","5_Batch"
"1298","L-innocua","5_Batch"
"1299","L-innocua","5_Batch"
"1300","L-innocua","5_Batch"
"1301","L-innocua","5_Batch"
"1302","L-innocua","5_Batch"
"1303","L-innocua","5_Batch"
"1304","L-innocua","5_Batch"
"1305","L-innocua","5_Batch"
"1306","L-innocua","5_Batch"
"1307","L-innocua","5_Batch"
"1308","L-innocua","5_Batch"
"1309","L-innocua","5_Batch"
"1310","L-innocua","5_Batch"
"1311","L-innocua","5_Batch"
"1312","P-stutzeri","5_Batch"
"1313","P-stutzeri","5_Batch"
"1314","P-stutzeri","5_Batch"
"1315","P-stutzeri","5_Batch"
"1316","P-stutzeri","5_Batch"
"1317","P-stutzeri","5_Batch"
"1318","P-stutzeri","5_Batch"
"1319","P-stutzeri","5_Batch"
"1320","P-stutzeri","5_Batch"
"1321","P-stutzeri","5_Batch"
"1322","P-stutzeri","5_Batch"
"1323","P-stutzeri","5_Batch"
"1324","P-stutzeri","5_Batch"
"1325","P-stutzeri","5_Batch"
"1326","P-stutzeri","5_Batch"
"1327","P-stutzeri","5_Batch"
"1328","P-stutzeri","5_Batch"
"1329","P-stutzeri","5_Batch"
"1330","P-stutzeri","5_Batch"
"1331","P-stutzeri","5_Batch"
"1332","P-stutzeri","5_Batch"
"1333","P-stutzeri","5_Batch"
"1334","P-stutzeri","5_Batch"
"1335","P-stutzeri","5_Batch"
"1336","P-stutzeri","5_Batch"
"1337","P-stutzeri","5_Batch"
"1338","P-stutzeri","5_Batch"
"1339","P-stutzeri","5_Batch"
"1340","P-stutzeri","5_Batch"
"1341","P-stutzeri","5_Batch"
"1342","P-stutzeri","5_Batch"
"1343","P-stutzeri","5_Batch"
"1344","P-stutzeri","5_Batch"
"1345","P-stutzeri","5_Batch"
"1346","P-stutzeri","5_Batch"
"1347","P-stutzeri","5_Batch"
"1348","P-stutzeri","5_Batch"
"1349","P-stutzeri","5_Batch"
"1350","P-stutzeri","5_Batch"
"1351","P-stutzeri","5_Batch"
"1352","P-stutzeri","5_Batch"
"1353","P-stutzeri","5_Batch"
"1354","P-stutzeri","5_Batch"
"1355","P-stutzeri","5_Batch"
"1356","P-stutzeri","5_Batch"
"1357","P-stutzeri","5_Batch"
"1358","P-stutzeri","5_Batch"
"1359","P-stutzeri","5_Batch"
"1360","P-stutzeri","5_Batch"
"1361","P-stutzeri","5_Batch"
"1362","R-terrigena","5_Batch"
"1363","R-terrigena","5_Batch"
"1364","R-terrigena","5_Batch"
"1365","R-terrigena","5_Batch"
"1366","R-terrigena","5_Batch"
"1367","R-terrigena","5_Batch"
"1368","R-terrigena","5_Batch"
"1369","R-terrigena","5_Batch"
"1370","R-terrigena","5_Batch"
"1371","R-terrigena","5_Batch"
"1372","R-terrigena","5_Batch"
"1373","R-terrigena","5_Batch"
"1374","R-terrigena","5_Batch"
"1375","R-terrigena","5_Batch"
"1376","R-terrigena","5_Batch"
"1377","R-terrigena","5_Batch"
"1378","R-terrigena","5_Batch"
"1379","R-terrigena","5_Batch"
"1380","R-terrigena","5_Batch"
"1381","R-terrigena","5_Batch"
"1382","R-terrigena","5_Batch"
"1383","R-terrigena","5_Batch"
"1384","R-terrigena","5_Batch"
"1385","R-terrigena","5_Batch"
"1386","R-terrigena","5_Batch"
"1387","R-terrigena","5_Batch"
"1388","R-terrigena","5_Batch"
"1389","R-terrigena","5_Batch"
"1390","R-terrigena","5_Batch"
"1391","R-terrigena","5_Batch"
"1392","R-terrigena","5_Batch"
"1393","R-terrigena","5_Batch"
"1394","R-terrigena","5_Batch"
"1395","R-terrigena","5_Batch"
"1396","R-terrigena","5_Batch"
"1397","R-terrigena","5_Batch"
"1398","R-terrigena","5_Batch"
"1399","R-terrigena","5_Batch"
"1400","R-terrigena","5_Batch"
"1401","R-terrigena","5_Batch"
"1402","R-terrigena","5_Batch"
"1403","R-terrigena","5_Batch"
"1404","R-terrigena","5_Batch"
"1405","R-terrigena","5_Batch"
"1406","R-terrigena","5_Batch"
"1407","R-terrigena","5_Batch"
"1408","R-terrigena","5_Batch"
"1409","R-terrigena","5_Batch"
"1410","R-terrigena","5_Batch"
"1411","R-terrigena","5_Batch"
"1412","S-cohnii","5_Batch"
"1413","S-cohnii","5_Batch"
"1414","S-cohnii","5_Batch"
"1415","S-cohnii","5_Batch"
"1416","S-cohnii","5_Batch"
"1417","S-cohnii","5_Batch"
"1418","S-cohnii","5_Batch"
"1419","S-cohnii","5_Batch"
"1420","S-cohnii","5_Batch"
"1421","S-cohnii","5_Batch"
"1422","S-cohnii","5_Batch"
"1423","S-cohnii","5_Batch"
"1424","S-cohnii","5_Batch"
"1425","S-cohnii","5_Batch"
"1426","S-cohnii","5_Batch"
"1427","S-cohnii","5_Batch"
"1428","S-cohnii","5_Batch"
"1429","S-cohnii","5_Batch"
"1430","S-cohnii","5_Batch"
"1431","S-cohnii","5_Batch"
"1432","S-cohnii","5_Batch"
"1433","S-cohnii","5_Batch"
"1434","S-cohnii","5_Batch"
"1435","S-cohnii","5_Batch"
"1436","S-cohnii","5_Batch"
"1437","S-cohnii","5_Batch"
"1438","S-cohnii","5_Batch"
"1439","S-cohnii","5_Batch"
"1440","S-cohnii","5_Batch"
"1441","S-cohnii","5_Batch"
"1442","S-cohnii","5_Batch"
"1443","S-cohnii","5_Batch"
"1444","S-cohnii","5_Batch"
"1445","S-cohnii","5_Batch"
"1446","S-cohnii","5_Batch"
"1447","S-cohnii","5_Batch"
"1448","S-cohnii","5_Batch"
"1449","S-cohnii","5_Batch"
"1450","S-cohnii","5_Batch"
"1451","S-cohnii","5_Batch"
"1452","S-cohnii","5_Batch"
"1453","S-cohnii","5_Batch"
"1454","S-cohnii","5_Batch"
"1455","S-cohnii","5_Batch"
"1456","S-cohnii","5_Batch"
"1457","S-cohnii","5_Batch"
"1458","S-cohnii","5_Batch"
"1459","S-cohnii","5_Batch"
"1460","S-cohnii","5_Batch"
"1461","S-warneri","5_Batch"
"1462","S-warneri","5_Batch"
"1463","S-warneri","5_Batch"
"1464","S-warneri","5_Batch"
"1465","S-warneri","5_Batch"
"1466","S-warneri","5_Batch"
"1467","S-warneri","5_Batch"
"1468","S-warneri","5_Batch"
"1469","S-warneri","5_Batch"
"1470","S-warneri","5_Batch"
"1471","S-warneri","5_Batch"
"1472","S-warneri","5_Batch"
"1473","S-warneri","5_Batch"
"1474","S-warneri","5_Batch"
"1475","S-warneri","5_Batch"
"1476","S-warneri","5_Batch"
"1477","S-warneri","5_Batch"
"1478","S-warneri","5_Batch"
"1479","S-warneri","5_Batch"
"1480","S-warneri","5_Batch"
"1481","S-warneri","5_Batch"
"1482","S-warneri","5_Batch"
"1483","S-warneri","5_Batch"
"1484","S-warneri","5_Batch"
"1485","S-warneri","5_Batch"
"1486","S-warneri","5_Batch"
"1487","S-warneri","5_Batch"
"1488","S-warneri","5_Batch"
"1489","S-warneri","5_Batch"
"1490","S-warneri","5_Batch"
"1491","S-warneri","5_Batch"
"1492","S-warneri","5_Batch"
"1493","S-warneri","5_Batch"
"1494","S-warneri","5_Batch"
"1495","S-warneri","5_Batch"
"1496","S-warneri","5_Batch"
"1497","S-warneri","5_Batch"
"1498","S-warneri","5_Batch"
"1499","S-warneri","5_Batch"
"1500","S-warneri","5_Batch"
"1501","S-warneri","5_Batch"
"1502","S-warneri","5_Batch"
"1503","S-warneri","5_Batch"
"1504","S-warneri","5_Batch"
"1505","S-warneri","5_Batch"
"1506","S-warneri","5_Batch"
"1507","S-warneri","5_Batch"
"1508","S-warneri","5_Batch"
"1509","S-warneri","5_Batch"
"1510","E-coli","6_Batch"
"1511","E-coli","6_Batch"
"1512","E-coli","6_Batch"
"1513","E-coli","6_Batch"
"1514","E-coli","6_Batch"
"1515","E-coli","6_Batch"
"1516","E-coli","6_Batch"
"1517","E-coli","6_Batch"
"1518","E-coli","6_Batch"
"1519","E-coli","6_Batch"
"1520","E-coli","6_Batch"
"1521","E-coli","6_Batch"
"1522","E-coli","6_Batch"
"1523","E-coli","6_Batch"
"1524","E-coli","6_Batch"
"1525","E-coli","6_Batch"
"1526","E-coli","6_Batch"
"1527","E-coli","6_Batch"
"1528","E-coli","6_Batch"
"1529","E-coli","6_Batch"
"1530","E-coli","6_Batch"
"1531","E-coli","6_Batch"
"1532","E-coli","6_Batch"
"1533","E-coli","6_Batch"
"1534","E-coli","6_Batch"
"1535","E-coli","6_Batch"
"1536","E-coli","6_Batch"
"1537","E-coli","6_Batch"
"1538","E-coli","6_Batch"
"1539","E-coli","6_Batch"
"1540","E-coli","6_Batch"
"1541","E-coli","6_Batch"
"1542","E-coli","6_Batch"
"1543","E-coli","6_Batch"
"1544","E-coli","6_Batch"
"1545","E-coli","6_Batch"
"1546","E-coli","6_Batch"
"1547","E-coli","6_Batch"
"1548","E-coli","6_Batch"
"1549","E-coli","6_Batch"
"1550","E-coli","6_Batch"
"1551","E-coli","6_Batch"
"1552","E-coli","6_Batch"
"1553","E-coli","6_Batch"
"1554","E-coli","6_Batch"
"1555","E-coli","6_Batch"
"1556","E-coli","6_Batch"
"1557","E-coli","6_Batch"
"1558","E-coli","6_Batch"
"1559","E-coli","6_Batch"
"1560","L-innocua","6_Batch"
"1561","L-innocua","6_Batch"
"1562","L-innocua","6_Batch"
"1563","L-innocua","6_Batch"
"1564","L-innocua","6_Batch"
"1565","L-innocua","6_Batch"
"1566","L-innocua","6_Batch"
"1567","L-innocua","6_Batch"
"1568","L-innocua","6_Batch"
"1569","L-innocua","6_Batch"
"1570","L-innocua","6_Batch"
"1571","L-innocua","6_Batch"
"1572","L-innocua","6_Batch"
"1573","L-innocua","6_Batch"
"1574","L-innocua","6_Batch"
"1575","L-innocua","6_Batch"
"1576","L-innocua","6_Batch"
"1577","L-innocua","6_Batch"
"1578","L-innocua","6_Batch"
"1579","L-innocua","6_Batch"
"1580","L-innocua","6_Batch"
"1581","L-innocua","6_Batch"
"1582","L-innocua","6_Batch"
"1583","L-innocua","6_Batch"
"1584","L-innocua","6_Batch"
"1585","L-innocua","6_Batch"
"1586","L-innocua","6_Batch"
"1587","L-innocua","6_Batch"
"1588","L-innocua","6_Batch"
"1589","L-innocua","6_Batch"
"1590","L-innocua","6_Batch"
"1591","L-innocua","6_Batch"
"1592","L-innocua","6_Batch"
"1593","L-innocua","6_Batch"
"1594","L-innocua","6_Batch"
"1595","L-innocua","6_Batch"
"1596","L-innocua","6_Batch"
"1597","L-innocua","6_Batch"
"1598","L-innocua","6_Batch"
"1599","L-innocua","6_Batch"
"1600","L-innocua","6_Batch"
"1601","L-innocua","6_Batch"
"1602","L-innocua","6_Batch"
"1603","L-innocua","6_Batch"
"1604","L-innocua","6_Batch"
"1605","L-innocua","6_Batch"
"1606","L-innocua","6_Batch"
"1607","L-innocua","6_Batch"
"1608","L-innocua","6_Batch"
"1609","L-innocua","6_Batch"
"1610","P-stutzeri","6_Batch"
"1611","P-stutzeri","6_Batch"
"1612","P-stutzeri","6_Batch"
"1613","P-stutzeri","6_Batch"
"1614","P-stutzeri","6_Batch"
"1615","P-stutzeri","6_Batch"
"1616","P-stutzeri","6_Batch"
"1617","P-stutzeri","6_Batch"
"1618","P-stutzeri","6_Batch"
"1619","P-stutzeri","6_Batch"
"1620","P-stutzeri","6_Batch"
"1621","P-stutzeri","6_Batch"
"1622","P-stutzeri","6_Batch"
"1623","P-stutzeri","6_Batch"
"1624","P-stutzeri","6_Batch"
"1625","P-stutzeri","6_Batch"
"1626","P-stutzeri","6_Batch"
"1627","P-stutzeri","6_Batch"
"1628","P-stutzeri","6_Batch"
"1629","P-stutzeri","6_Batch"
"1630","P-stutzeri","6_Batch"
"1631","P-stutzeri","6_Batch"
"1632","P-stutzeri","6_Batch"
"1633","P-stutzeri","6_Batch"
"1634","P-stutzeri","6_Batch"
"1635","P-stutzeri","6_Batch"
"1636","P-stutzeri","6_Batch"
"1637","P-stutzeri","6_Batch"
"1638","P-stutzeri","6_Batch"
"1639","P-stutzeri","6_Batch"
"1640","P-stutzeri","6_Batch"
"1641","P-stutzeri","6_Batch"
"1642","P-stutzeri","6_Batch"
"1643","P-stutzeri","6_Batch"
"1644","P-stutzeri","6_Batch"
"1645","P-stutzeri","6_Batch"
"1646","P-stutzeri","6_Batch"
"1647","P-stutzeri","6_Batch"
"1648","P-stutzeri","6_Batch"
"1649","P-stutzeri","6_Batch"
"1650","P-stutzeri","6_Batch"
"1651","P-stutzeri","6_Batch"
"1652","P-stutzeri","6_Batch"
"1653","P-stutzeri","6_Batch"
"1654","P-stutzeri","6_Batch"
"1655","P-stutzeri","6_Batch"
"1656","P-stutzeri","6_Batch"
"1657","P-stutzeri","6_Batch"
"1658","P-stutzeri","6_Batch"
"1659","P-stutzeri","6_Batch"
"1660","R-terrigena","6_Batch"
"1661","R-terrigena","6_Batch"
"1662","R-terrigena","6_Batch"
"1663","R-terrigena","6_Batch"
"1664","R-terrigena","6_Batch"
"1665","R-terrigena","6_Batch"
"1666","R-terrigena","6_Batch"
"1667","R-terrigena","6_Batch"
"1668","R-terrigena","6_Batch"
"1669","R-terrigena","6_Batch"
"1670","R-terrigena","6_Batch"
"1671","R-terrigena","6_Batch"
"1672","R-terrigena","6_Batch"
"1673","R-terrigena","6_Batch"
"1674","R-terrigena","6_Batch"
"1675","R-terrigena","6_Batch"
"1676","R-terrigena","6_Batch"
"1677","R-terrigena","6_Batch"
"1678","R-terrigena","6_Batch"
"1679","R-terrigena","6_Batch"
"1680","R-terrigena","6_Batch"
"1681","R-terrigena","6_Batch"
"1682","R-terrigena","6_Batch"
"1683","R-terrigena","6_Batch"
"1684","R-terrigena","6_Batch"
"1685","R-terrigena","6_Batch"
"1686","R-terrigena","6_Batch"
"1687","R-terrigena","6_Batch"
"1688","R-terrigena","6_Batch"
"1689","R-terrigena","6_Batch"
"1690","R-terrigena","6_Batch"
"1691","R-terrigena","6_Batch"
"1692","R-terrigena","6_Batch"
"1693","R-terrigena","6_Batch"
"1694","R-terrigena","6_Batch"
"1695","R-terrigena","6_Batch"
"1696","R-terrigena","6_Batch"
"1697","R-terrigena","6_Batch"
"1698","R-terrigena","6_Batch"
"1699","R-terrigena","6_Batch"
"1700","R-terrigena","6_Batch"
"1701","R-terrigena","6_Batch"
"1702","R-terrigena","6_Batch"
"1703","R-terrigena","6_Batch"
"1704","R-terrigena","6_Batch"
"1705","R-terrigena","6_Batch"
"1706","R-terrigena","6_Batch"
"1707","R-terrigena","6_Batch"
"1708","R-terrigena","6_Batch"
"1709","R-terrigena","6_Batch"
"1710","S-cohnii","6_Batch"
"1711","S-cohnii","6_Batch"
"1712","S-cohnii","6_Batch"
"1713","S-cohnii","6_Batch"
"1714","S-cohnii","6_Batch"
"1715","S-cohnii","6_Batch"
"1716","S-cohnii","6_Batch"
"1717","S-cohnii","6_Batch"
"1718","S-cohnii","6_Batch"
"1719","S-cohnii","6_Batch"
"1720","S-cohnii","6_Batch"
"1721","S-cohnii","6_Batch"
"1722","S-cohnii","6_Batch"
"1723","S-cohnii","6_Batch"
"1724","S-cohnii","6_Batch"
"1725","S-cohnii","6_Batch"
"1726","S-cohnii","6_Batch"
"1727","S-cohnii","6_Batch"
"1728","S-cohnii","6_Batch"
"1729","S-cohnii","6_Batch"
"1730","S-cohnii","6_Batch"
"1731","S-cohnii","6_Batch"
"1732","S-cohnii","6_Batch"
"1733","S-cohnii","6_Batch"
"1734","S-cohnii","6_Batch"
"1735","S-cohnii","6_Batch"
"1736","S-cohnii","6_Batch"
"1737","S-cohnii","6_Batch"
"1738","S-cohnii","6_Batch"
"1739","S-cohnii","6_Batch"
"1740","S-cohnii","6_Batch"
"1741","S-cohnii","6_Batch"
"1742","S-cohnii","6_Batch"
"1743","S-cohnii","6_Batch"
"1744","S-cohnii","6_Batch"
"1745","S-cohnii","6_Batch"
"1746","S-cohnii","6_Batch"
"1747","S-cohnii","6_Batch"
"1748","S-cohnii","6_Batch"
"1749","S-cohnii","6_Batch"
"1750","S-cohnii","6_Batch"
"1751","S-cohnii","6_Batch"
"1752","S-cohnii","6_Batch"
"1753","S-cohnii","6_Batch"
"1754","S-cohnii","6_Batch"
"1755","S-cohnii","6_Batch"
"1756","S-cohnii","6_Batch"
"1757","S-cohnii","6_Batch"
"1758","S-cohnii","6_Batch"
"1759","S-warneri","6_Batch"
"1760","S-warneri","6_Batch"
"1761","S-warneri","6_Batch"
"1762","S-warneri","6_Batch"
"1763","S-warneri","6_Batch"
"1764","S-warneri","6_Batch"
"1765","S-warneri","6_Batch"
"1766","S-warneri","6_Batch"
"1767","S-warneri","6_Batch"
"1768","S-warneri","6_Batch"
"1769","S-warneri","6_Batch"
"1770","S-warneri","6_Batch"
"1771","S-warneri","6_Batch"
"1772","S-warneri","6_Batch"
"1773","S-warneri","6_Batch"
"1774","S-warneri","6_Batch"
"1775","S-warneri","6_Batch"
"1776","S-warneri","6_Batch"
"1777","S-warneri","6_Batch"
"1778","S-warneri","6_Batch"
"1779","S-warneri","6_Batch"
"1780","S-warneri","6_Batch"
"1781","S-warneri","6_Batch"
"1782","S-warneri","6_Batch"
"1783","S-warneri","6_Batch"
"1784","S-warneri","6_Batch"
"1785","S-warneri","6_Batch"
"1786","S-warneri","6_Batch"
"1787","S-warneri","6_Batch"
"1788","S-warneri","6_Batch"
"1789","S-warneri","6_Batch"
"1790","S-warneri","6_Batch"
"1791","S-warneri","6_Batch"
"1792","S-warneri","6_Batch"
"1793","S-warneri","6_Batch"
"1794","S-warneri","6_Batch"
"1795","S-warneri","6_Batch"
"1796","S-warneri","6_Batch"
"1797","S-warneri","6_Batch"
"1798","S-warneri","6_Batch"
"1799","S-warneri","6_Batch"
"1800","S-warneri","6_Batch"
"1801","S-warneri","6_Batch"
"1802","S-warneri","6_Batch"
"1803","S-warneri","6_Batch"
"1804","S-warneri","6_Batch"
"1805","S-warneri","6_Batch"
"1806","S-warneri","6_Batch"
"1807","S-warneri","6_Batch"
"1808","S-warneri","6_Batch"
"1809","E-coli","7_Batch"
"1810","E-coli","7_Batch"
"1811","E-coli","7_Batch"
"1812","E-coli","7_Batch"
"1813","E-coli","7_Batch"
"1814","E-coli","7_Batch"
"1815","E-coli","7_Batch"
"1816","E-coli","7_Batch"
"1817","E-coli","7_Batch"
"1818","E-coli","7_Batch"
"1819","E-coli","7_Batch"
"1820","E-coli","7_Batch"
"1821","E-coli","7_Batch"
"1822","E-coli","7_Batch"
"1823","E-coli","7_Batch"
"1824","E-coli","7_Batch"
"1825","E-coli","7_Batch"
"1826","E-coli","7_Batch"
"1827","E-coli","7_Batch"
"1828","E-coli","7_Batch"
"1829","E-coli","7_Batch"
"1830","E-coli","7_Batch"
"1831","E-coli","7_Batch"
"1832","E-coli","7_Batch"
"1833","E-coli","7_Batch"
"1834","E-coli","7_Batch"
"1835","E-coli","7_Batch"
"1836","E-coli","7_Batch"
"1837","E-coli","7_Batch"
"1838","E-coli","7_Batch"
"1839","E-coli","7_Batch"
"1840","E-coli","7_Batch"
"1841","E-coli","7_Batch"
"1842","E-coli","7_Batch"
"1843","E-coli","7_Batch"
"1844","E-coli","7_Batch"
"1845","E-coli","7_Batch"
"1846","E-coli","7_Batch"
"1847","E-coli","7_Batch"
"1848","E-coli","7_Batch"
"1849","E-coli","7_Batch"
"1850","E-coli","7_Batch"
"1851","E-coli","7_Batch"
"1852","E-coli","7_Batch"
"1853","E-coli","7_Batch"
"1854","E-coli","7_Batch"
"1855","E-coli","7_Batch"
"1856","E-coli","7_Batch"
"1857","E-coli","7_Batch"
"1858","E-coli","7_Batch"
"1859","L-innocua","7_Batch"
"1860","L-innocua","7_Batch"
"1861","L-innocua","7_Batch"
"1862","L-innocua","7_Batch"
"1863","L-innocua","7_Batch"
"1864","L-innocua","7_Batch"
"1865","L-innocua","7_Batch"
"1866","L-innocua","7_Batch"
"1867","L-innocua","7_Batch"
"1868","L-innocua","7_Batch"
"1869","L-innocua","7_Batch"
"1870","L-innocua","7_Batch"
"1871","L-innocua","7_Batch"
"1872","L-innocua","7_Batch"
"1873","L-innocua","7_Batch"
"1874","L-innocua","7_Batch"
"1875","L-innocua","7_Batch"
"1876","L-innocua","7_Batch"
"1877","L-innocua","7_Batch"
"1878","L-innocua","7_Batch"
"1879","L-innocua","7_Batch"
"1880","L-innocua","7_Batch"
"1881","L-innocua","7_Batch"
"1882","L-innocua","7_Batch"
"1883","L-innocua","7_Batch"
"1884","L-innocua","7_Batch"
"1885","L-innocua","7_Batch"
"1886","L-innocua","7_Batch"
"1887","L-innocua","7_Batch"
"1888","L-innocua","7_Batch"
"1889","L-innocua","7_Batch"
"1890","L-innocua","7_Batch"
"1891","L-innocua","7_Batch"
"1892","L-innocua","7_Batch"
"1893","L-innocua","7_Batch"
"1894","L-innocua","7_Batch"
"1895","L-innocua","7_Batch"
"1896","L-innocua","7_Batch"
"1897","L-innocua","7_Batch"
"1898","L-innocua","7_Batch"
"1899","L-innocua","7_Batch"
"1900","L-innocua","7_Batch"
"1901","L-innocua","7_Batch"
"1902","L-innocua","7_Batch"
"1903","L-innocua","7_Batch"
"1904","L-innocua","7_Batch"
"1905","L-innocua","7_Batch"
"1906","L-innocua","7_Batch"
"1907","L-innocua","7_Batch"
"1908","L-innocua","7_Batch"
"1909","P-stutzeri","7_Batch"
"1910","P-stutzeri","7_Batch"
"1911","P-stutzeri","7_Batch"
"1912","P-stutzeri","7_Batch"
"1913","P-stutzeri","7_Batch"
"1914","P-stutzeri","7_Batch"
"1915","P-stutzeri","7_Batch"
"1916","P-stutzeri","7_Batch"
"1917","P-stutzeri","7_Batch"
"1918","P-stutzeri","7_Batch"
"1919","P-stutzeri","7_Batch"
"1920","P-stutzeri","7_Batch"
"1921","P-stutzeri","7_Batch"
"1922","P-stutzeri","7_Batch"
"1923","P-stutzeri","7_Batch"
"1924","P-stutzeri","7_Batch"
"1925","P-stutzeri","7_Batch"
"1926","P-stutzeri","7_Batch"
"1927","P-stutzeri","7_Batch"
"1928","P-stutzeri","7_Batch"
"1929","P-stutzeri","7_Batch"
"1930","P-stutzeri","7_Batch"
"1931","P-stutzeri","7_Batch"
"1932","P-stutzeri","7_Batch"
"1933","P-stutzeri","7_Batch"
"1934","P-stutzeri","7_Batch"
"1935","P-stutzeri","7_Batch"
"1936","P-stutzeri","7_Batch"
"1937","P-stutzeri","7_Batch"
"1938","P-stutzeri","7_Batch"
"1939","P-stutzeri","7_Batch"
"1940","P-stutzeri","7_Batch"
"1941","P-stutzeri","7_Batch"
"1942","P-stutzeri","7_Batch"
"1943","P-stutzeri","7_Batch"
"1944","P-stutzeri","7_Batch"
"1945","P-stutzeri","7_Batch"
"1946","P-stutzeri","7_Batch"
"1947","P-stutzeri","7_Batch"
"1948","P-stutzeri","7_Batch"
"1949","P-stutzeri","7_Batch"
"1950","P-stutzeri","7_Batch"
"1951","P-stutzeri","7_Batch"
"1952","P-stutzeri","7_Batch"
"1953","P-stutzeri","7_Batch"
"1954","P-stutzeri","7_Batch"
"1955","P-stutzeri","7_Batch"
"1956","P-stutzeri","7_Batch"
"1957","P-stutzeri","7_Batch"
"1958","P-stutzeri","7_Batch"
"1959","R-terrigena","7_Batch"
"1960","R-terrigena","7_Batch"
"1961","R-terrigena","7_Batch"
"1962","R-terrigena","7_Batch"
"1963","R-terrigena","7_Batch"
"1964","R-terrigena","7_Batch"
"1965","R-terrigena","7_Batch"
"1966","R-terrigena","7_Batch"
"1967","R-terrigena","7_Batch"
"1968","R-terrigena","7_Batch"
"1969","R-terrigena","7_Batch"
"1970","R-terrigena","7_Batch"
"1971","R-terrigena","7_Batch"
"1972","R-terrigena","7_Batch"
"1973","R-terrigena","7_Batch"
"1974","R-terrigena","7_Batch"
"1975","R-terrigena","7_Batch"
"1976","R-terrigena","7_Batch"
"1977","R-terrigena","7_Batch"
"1978","R-terrigena","7_Batch"
"1979","R-terrigena","7_Batch"
"1980","R-terrigena","7_Batch"
"1981","R-terrigena","7_Batch"
"1982","R-terrigena","7_Batch"
"1983","R-terrigena","7_Batch"
"1984","R-terrigena","7_Batch"
"1985","R-terrigena","7_Batch"
"1986","R-terrigena","7_Batch"
"1987","R-terrigena","7_Batch"
"1988","R-terrigena","7_Batch"
"1989","R-terrigena","7_Batch"
"1990","R-terrigena","7_Batch"
"1991","R-terrigena","7_Batch"
"1992","R-terrigena","7_Batch"
"1993","R-terrigena","7_Batch"
"1994","R-terrigena","7_Batch"
"1995","R-terrigena","7_Batch"
"1996","R-terrigena","7_Batch"
"1997","R-terrigena","7_Batch"
"1998","R-terrigena","7_Batch"
"1999","R-terrigena","7_Batch"
"2000","R-terrigena","7_Batch"
"2001","R-terrigena","7_Batch"
"2002","R-terrigena","7_Batch"
"2003","R-terrigena","7_Batch"
"2004","R-terrigena","7_Batch"
"2005","R-terrigena","7_Batch"
"2006","R-terrigena","7_Batch"
"2007","R-terrigena","7_Batch"
"2008","R-terrigena","7_Batch"
"2009","S-cohnii","7_Batch"
"2010","S-cohnii","7_Batch"
"2011","S-cohnii","7_Batch"
"2012","S-cohnii","7_Batch"
"2013","S-cohnii","7_Batch"
"2014","S-cohnii","7_Batch"
"2015","S-cohnii","7_Batch"
"2016","S-cohnii","7_Batch"
"2017","S-cohnii","7_Batch"
"2018","S-cohnii","7_Batch"
"2019","S-cohnii","7_Batch"
"2020","S-cohnii","7_Batch"
"2021","S-cohnii","7_Batch"
"2022","S-cohnii","7_Batch"
"2023","S-cohnii","7_Batch"
"2024","S-cohnii","7_Batch"
"2025","S-cohnii","7_Batch"
"2026","S-cohnii","7_Batch"
"2027","S-cohnii","7_Batch"
"2028","S-cohnii","7_Batch"
"2029","S-cohnii","7_Batch"
"2030","S-cohnii","7_Batch"
"2031","S-cohnii","7_Batch"
"2032","S-cohnii","7_Batch"
"2033","S-cohnii","7_Batch"
"2034","S-cohnii","7_Batch"
"2035","S-cohnii","7_Batch"
"2036","S-cohnii","7_Batch"
"2037","S-cohnii","7_Batch"
"2038","S-cohnii","7_Batch"
"2039","S-cohnii","7_Batch"
"2040","S-cohnii","7_Batch"
"2041","S-cohnii","7_Batch"
"2042","S-cohnii","7_Batch"
"2043","S-cohnii","7_Batch"
"2044","S-cohnii","7_Batch"
"2045","S-cohnii","7_Batch"
"2046","S-cohnii","7_Batch"
"2047","S-cohnii","7_Batch"
"2048","S-cohnii","7_Batch"
"2049","S-cohnii","7_Batch"
"2050","S-cohnii","7_Batch"
"2051","S-cohnii","7_Batch"
"2052","S-cohnii","7_Batch"
"2053","S-cohnii","7_Batch"
"2054","S-cohnii","7_Batch"
"2055","S-cohnii","7_Batch"
"2056","S-cohnii","7_Batch"
"2057","S-cohnii","7_Batch"
"2058","S-cohnii","7_Batch"
"2059","S-warneri","7_Batch"
"2060","S-warneri","7_Batch"
"2061","S-warneri","7_Batch"
"2062","S-warneri","7_Batch"
"2063","S-warneri","7_Batch"
"2064","S-warneri","7_Batch"
"2065","S-warneri","7_Batch"
"2066","S-warneri","7_Batch"
"2067","S-warneri","7_Batch"
"2068","S-warneri","7_Batch"
"2069","S-warneri","7_Batch"
"2070","S-warneri","7_Batch"
"2071","S-warneri","7_Batch"
"2072","S-warneri","7_Batch"
"2073","S-warneri","7_Batch"
"2074","S-warneri","7_Batch"
"2075","S-warneri","7_Batch"
"2076","S-warneri","7_Batch"
"2077","S-warneri","7_Batch"
"2078","S-warneri","7_Batch"
"2079","S-warneri","7_Batch"
"2080","S-warneri","7_Batch"
"2081","S-warneri","7_Batch"
"2082","S-warneri","7_Batch"
"2083","S-warneri","7_Batch"
"2084","S-warneri","7_Batch"
"2085","S-warneri","7_Batch"
"2086","S-warneri","7_Batch"
"2087","S-warneri","7_Batch"
"2088","S-warneri","7_Batch"
"2089","S-warneri","7_Batch"
"2090","S-warneri","7_Batch"
"2091","S-warneri","7_Batch"
"2092","S-warneri","7_Batch"
"2093","S-warneri","7_Batch"
"2094","S-warneri","7_Batch"
"2095","S-warneri","7_Batch"
"2096","S-warneri","7_Batch"
"2097","S-warneri","7_Batch"
"2098","S-warneri","7_Batch"
"2099","S-warneri","7_Batch"
"2100","S-warneri","7_Batch"
"2101","S-warneri","7_Batch"
"2102","S-warneri","7_Batch"
"2103","S-warneri","7_Batch"
"2104","S-warneri","7_Batch"
"2105","S-warneri","7_Batch"
"2106","S-warneri","7_Batch"
"2107","S-warneri","7_Batch"
"2108","E-coli","8_Batch"
"2109","E-coli","8_Batch"
"2110","E-coli","8_Batch"
"2111","E-coli","8_Batch"
"2112","E-coli","8_Batch"
"2113","E-coli","8_Batch"
"2114","E-coli","8_Batch"
"2115","E-coli","8_Batch"
"2116","E-coli","8_Batch"
"2117","E-coli","8_Batch"
"2118","E-coli","8_Batch"
"2119","E-coli","8_Batch"
"2120","E-coli","8_Batch"
"2121","E-coli","8_Batch"
"2122","E-coli","8_Batch"
"2123","E-coli","8_Batch"
"2124","E-coli","8_Batch"
"2125","E-coli","8_Batch"
"2126","E-coli","8_Batch"
"2127","E-coli","8_Batch"
"2128","E-coli","8_Batch"
"2129","E-coli","8_Batch"
"2130","E-coli","8_Batch"
"2131","E-coli","8_Batch"
"2132","E-coli","8_Batch"
"2133","E-coli","8_Batch"
"2134","E-coli","8_Batch"
"2135","E-coli","8_Batch"
"2136","E-coli","8_Batch"
"2137","E-coli","8_Batch"
"2138","E-coli","8_Batch"
"2139","E-coli","8_Batch"
"2140","E-coli","8_Batch"
"2141","E-coli","8_Batch"
"2142","E-coli","8_Batch"
"2143","E-coli","8_Batch"
"2144","E-coli","8_Batch"
"2145","E-coli","8_Batch"
"2146","E-coli","8_Batch"
"2147","E-coli","8_Batch"
"2148","E-coli","8_Batch"
"2149","E-coli","8_Batch"
"2150","E-coli","8_Batch"
"2151","E-coli","8_Batch"
"2152","E-coli","8_Batch"
"2153","E-coli","8_Batch"
"2154","E-coli","8_Batch"
"2155","E-coli","8_Batch"
"2156","E-coli","8_Batch"
"2157","E-coli","8_Batch"
"2158","L-innocua","8_Batch"
"2159","L-innocua","8_Batch"
"2160","L-innocua","8_Batch"
"2161","L-innocua","8_Batch"
"2162","L-innocua","8_Batch"
"2163","L-innocua","8_Batch"
"2164","L-innocua","8_Batch"
"2165","L-innocua","8_Batch"
"2166","L-innocua","8_Batch"
"2167","L-innocua","8_Batch"
"2168","L-innocua","8_Batch"
"2169","L-innocua","8_Batch"
"2170","L-innocua","8_Batch"
"2171","L-innocua","8_Batch"
"2172","L-innocua","8_Batch"
"2173","L-innocua","8_Batch"
"2174","L-innocua","8_Batch"
"2175","L-innocua","8_Batch"
"2176","L-innocua","8_Batch"
"2177","L-innocua","8_Batch"
"2178","L-innocua","8_Batch"
"2179","L-innocua","8_Batch"
"2180","L-innocua","8_Batch"
"2181","L-innocua","8_Batch"
"2182","L-innocua","8_Batch"
"2183","L-innocua","8_Batch"
"2184","L-innocua","8_Batch"
"2185","L-innocua","8_Batch"
"2186","L-innocua","8_Batch"
"2187","L-innocua","8_Batch"
"2188","L-innocua","8_Batch"
"2189","L-innocua","8_Batch"
"2190","L-innocua","8_Batch"
"2191","L-innocua","8_Batch"
"2192","L-innocua","8_Batch"
"2193","L-innocua","8_Batch"
"2194","L-innocua","8_Batch"
"2195","L-innocua","8_Batch"
"2196","L-innocua","8_Batch"
"2197","L-innocua","8_Batch"
"2198","L-innocua","8_Batch"
"2199","L-innocua","8_Batch"
"2200","L-innocua","8_Batch"
"2201","L-innocua","8_Batch"
"2202","L-innocua","8_Batch"
"2203","L-innocua","8_Batch"
"2204","L-innocua","8_Batch"
"2205","L-innocua","8_Batch"
"2206","L-innocua","8_Batch"
"2207","L-innocua","8_Batch"
"2208","P-stutzeri","8_Batch"
"2209","P-stutzeri","8_Batch"
"2210","P-stutzeri","8_Batch"
"2211","P-stutzeri","8_Batch"
"2212","P-stutzeri","8_Batch"
"2213","P-stutzeri","8_Batch"
"2214","P-stutzeri","8_Batch"
"2215","P-stutzeri","8_Batch"
"2216","P-stutzeri","8_Batch"
"2217","P-stutzeri","8_Batch"
"2218","P-stutzeri","8_Batch"
"2219","P-stutzeri","8_Batch"
"2220","P-stutzeri","8_Batch"
"2221","P-stutzeri","8_Batch"
"2222","P-stutzeri","8_Batch"
"2223","P-stutzeri","8_Batch"
"2224","P-stutzeri","8_Batch"
"2225","P-stutzeri","8_Batch"
"2226","P-stutzeri","8_Batch"
"2227","P-stutzeri","8_Batch"
"2228","P-stutzeri","8_Batch"
"2229","P-stutzeri","8_Batch"
"2230","P-stutzeri","8_Batch"
"2231","P-stutzeri","8_Batch"
"2232","P-stutzeri","8_Batch"
"2233","P-stutzeri","8_Batch"
"2234","P-stutzeri","8_Batch"
"2235","P-stutzeri","8_Batch"
"2236","P-stutzeri","8_Batch"
"2237","P-stutzeri","8_Batch"
"2238","P-stutzeri","8_Batch"
"2239","P-stutzeri","8_Batch"
"2240","P-stutzeri","8_Batch"
"2241","P-stutzeri","8_Batch"
"2242","P-stutzeri","8_Batch"
"2243","P-stutzeri","8_Batch"
"2244","P-stutzeri","8_Batch"
"2245","P-stutzeri","8_Batch"
"2246","P-stutzeri","8_Batch"
"2247","P-stutzeri","8_Batch"
"2248","P-stutzeri","8_Batch"
"2249","P-stutzeri","8_Batch"
"2250","P-stutzeri","8_Batch"
"2251","P-stutzeri","8_Batch"
"2252","P-stutzeri","8_Batch"
"2253","P-stutzeri","8_Batch"
"2254","P-stutzeri","8_Batch"
"2255","P-stutzeri","8_Batch"
"2256","P-stutzeri","8_Batch"
"2257","P-stutzeri","8_Batch"
"2258","R-terrigena","8_Batch"
"2259","R-terrigena","8_Batch"
"2260","R-terrigena","8_Batch"
"2261","R-terrigena","8_Batch"
"2262","R-terrigena","8_Batch"
"2263","R-terrigena","8_Batch"
"2264","R-terrigena","8_Batch"
"2265","R-terrigena","8_Batch"
"2266","R-terrigena","8_Batch"
"2267","R-terrigena","8_Batch"
"2268","R-terrigena","8_Batch"
"2269","R-terrigena","8_Batch"
"2270","R-terrigena","8_Batch"
"2271","R-terrigena","8_Batch"
"2272","R-terrigena","8_Batch"
"2273","R-terrigena","8_Batch"
"2274","R-terrigena","8_Batch"
"2275","R-terrigena","8_Batch"
"2276","R-terrigena","8_Batch"
"2277","R-terrigena","8_Batch"
"2278","R-terrigena","8_Batch"
"2279","R-terrigena","8_Batch"
"2280","R-terrigena","8_Batch"
"2281","R-terrigena","8_Batch"
"2282","R-terrigena","8_Batch"
"2283","R-terrigena","8_Batch"
"2284","R-terrigena","8_Batch"
"2285","R-terrigena","8_Batch"
"2286","R-terrigena","8_Batch"
"2287","R-terrigena","8_Batch"
"2288","R-terrigena","8_Batch"
"2289","R-terrigena","8_Batch"
"2290","R-terrigena","8_Batch"
"2291","R-terrigena","8_Batch"
"2292","R-terrigena","8_Batch"
"2293","R-terrigena","8_Batch"
"2294","R-terrigena","8_Batch"
"2295","R-terrigena","8_Batch"
"2296","R-terrigena","8_Batch"
"2297","R-terrigena","8_Batch"
"2298","R-terrigena","8_Batch"
"2299","R-terrigena","8_Batch"
"2300","R-terrigena","8_Batch"
"2301","R-terrigena","8_Batch"
"2302","R-terrigena","8_Batch"
"2303","R-terrigena","8_Batch"
"2304","R-terrigena","8_Batch"
"2305","R-terrigena","8_Batch"
"2306","R-terrigena","8_Batch"
"2307","R-terrigena","8_Batch"
"2308","R-terrigena","8_Batch"
"2309","R-terrigena","8_Batch"
"2310","S-cohnii","8_Batch"
"2311","S-cohnii","8_Batch"
"2312","S-cohnii","8_Batch"
"2313","S-cohnii","8_Batch"
"2314","S-cohnii","8_Batch"
"2315","S-cohnii","8_Batch"
"2316","S-cohnii","8_Batch"
"2317","S-cohnii","8_Batch"
"2318","S-cohnii","8_Batch"
"2319","S-cohnii","8_Batch"
"2320","S-cohnii","8_Batch"
"2321","S-cohnii","8_Batch"
"2322","S-cohnii","8_Batch"
"2323","S-cohnii","8_Batch"
"2324","S-cohnii","8_Batch"
"2325","S-cohnii","8_Batch"
"2326","S-cohnii","8_Batch"
"2327","S-cohnii","8_Batch"
"2328","S-cohnii","8_Batch"
"2329","S-cohnii","8_Batch"
"2330","S-cohnii","8_Batch"
"2331","S-cohnii","8_Batch"
"2332","S-cohnii","8_Batch"
"2333","S-cohnii","8_Batch"
"2334","S-cohnii","8_Batch"
"2335","S-cohnii","8_Batch"
"2336","S-cohnii","8_Batch"
"2337","S-cohnii","8_Batch"
"2338","S-cohnii","8_Batch"
"2339","S-cohnii","8_Batch"
"2340","S-cohnii","8_Batch"
"2341","S-cohnii","8_Batch"
"2342","S-cohnii","8_Batch"
"2343","S-cohnii","8_Batch"
"2344","S-cohnii","8_Batch"
"2345","S-cohnii","8_Batch"
"2346","S-cohnii","8_Batch"
"2347","S-cohnii","8_Batch"
"2348","S-cohnii","8_Batch"
"2349","S-cohnii","8_Batch"
"2350","S-cohnii","8_Batch"
"2351","S-cohnii","8_Batch"
"2352","S-cohnii","8_Batch"
"2353","S-cohnii","8_Batch"
"2354","S-cohnii","8_Batch"
"2355","S-cohnii","8_Batch"
"2356","S-cohnii","8_Batch"
"2357","S-cohnii","8_Batch"
"2358","S-cohnii","8_Batch"
"2359","S-cohnii","8_Batch"
"2360","S-cohnii","8_Batch"
"2361","S-warneri","8_Batch"
"2362","S-warneri","8_Batch"
"2363","S-warneri","8_Batch"
"2364","S-warneri","8_Batch"
"2365","S-warneri","8_Batch"
"2366","S-warneri","8_Batch"
"2367","S-warneri","8_Batch"
"2368","S-warneri","8_Batch"
"2369","S-warneri","8_Batch"
"2370","S-warneri","8_Batch"
"2371","S-warneri","8_Batch"
"2372","S-warneri","8_Batch"
"2373","S-warneri","8_Batch"
"2374","S-warneri","8_Batch"
"2375","S-warneri","8_Batch"
"2376","S-warneri","8_Batch"
"2377","S-warneri","8_Batch"
"2378","S-warneri","8_Batch"
"2379","S-warneri","8_Batch"
"2380","S-warneri","8_Batch"
"2381","S-warneri","8_Batch"
"2382","S-warneri","8_Batch"
"2383","S-warneri","8_Batch"
"2384","S-warneri","8_Batch"
"2385","S-warneri","8_Batch"
"2386","S-warneri","8_Batch"
"2387","S-warneri","8_Batch"
"2388","S-warneri","8_Batch"
"2389","S-warneri","8_Batch"
"2390","S-warneri","8_Batch"
"2391","S-warneri","8_Batch"
"2392","S-warneri","8_Batch"
"2393","S-warneri","8_Batch"
"2394","S-warneri","8_Batch"
"2395","S-warneri","8_Batch"
"2396","S-warneri","8_Batch"
"2397","S-warneri","8_Batch"
"2398","S-warneri","8_Batch"
"2399","S-warneri","8_Batch"
"2400","S-warneri","8_Batch"
"2401","S-warneri","8_Batch"
"2402","S-warneri","8_Batch"
"2403","S-warneri","8_Batch"
"2404","S-warneri","8_Batch"
"2405","S-warneri","8_Batch"
"2406","S-warneri","8_Batch"
"2407","S-warneri","8_Batch"
"2408","S-warneri","8_Batch"
"2409","S-warneri","8_Batch"
"2410","S-warneri","8_Batch"
"2411","E-coli","9_Batch"
"2412","E-coli","9_Batch"
"2413","E-coli","9_Batch"
"2414","E-coli","9_Batch"
"2415","E-coli","9_Batch"
"2416","E-coli","9_Batch"
"2417","E-coli","9_Batch"
"2418","E-coli","9_Batch"
"2419","E-coli","9_Batch"
"2420","E-coli","9_Batch"
"2421","E-coli","9_Batch"
"2422","E-coli","9_Batch"
"2423","E-coli","9_Batch"
"2424","E-coli","9_Batch"
"2425","E-coli","9_Batch"
"2426","E-coli","9_Batch"
"2427","E-coli","9_Batch"
"2428","E-coli","9_Batch"
"2429","E-coli","9_Batch"
"2430","E-coli","9_Batch"
"2431","E-coli","9_Batch"
"2432","E-coli","9_Batch"
"2433","E-coli","9_Batch"
"2434","E-coli","9_Batch"
"2435","E-coli","9_Batch"
"2436","E-coli","9_Batch"
"2437","E-coli","9_Batch"
"2438","E-coli","9_Batch"
"2439","E-coli","9_Batch"
"2440","E-coli","9_Batch"
"2441","E-coli","9_Batch"
"2442","E-coli","9_Batch"
"2443","E-coli","9_Batch"
"2444","E-coli","9_Batch"
"2445","E-coli","9_Batch"
"2446","E-coli","9_Batch"
"2447","E-coli","9_Batch"
"2448","E-coli","9_Batch"
"2449","E-coli","9_Batch"
"2450","E-coli","9_Batch"
"2451","E-coli","9_Batch"
"2452","E-coli","9_Batch"
"2453","E-coli","9_Batch"
"2454","E-coli","9_Batch"
"2455","E-coli","9_Batch"
"2456","E-coli","9_Batch"
"2457","E-coli","9_Batch"
"2458","E-coli","9_Batch"
"2459","E-coli","9_Batch"
"2460","E-coli","9_Batch"
"2461","L-innocua","9_Batch"
"2462","L-innocua","9_Batch"
"2463","L-innocua","9_Batch"
"2464","L-innocua","9_Batch"
"2465","L-innocua","9_Batch"
"2466","L-innocua","9_Batch"
"2467","L-innocua","9_Batch"
"2468","L-innocua","9_Batch"
"2469","L-innocua","9_Batch"
"2470","L-innocua","9_Batch"
"2471","L-innocua","9_Batch"
"2472","L-innocua","9_Batch"
"2473","L-innocua","9_Batch"
"2474","L-innocua","9_Batch"
"2475","L-innocua","9_Batch"
"2476","L-innocua","9_Batch"
"2477","L-innocua","9_Batch"
"2478","L-innocua","9_Batch"
"2479","L-innocua","9_Batch"
"2480","L-innocua","9_Batch"
"2481","L-innocua","9_Batch"
"2482","L-innocua","9_Batch"
"2483","L-innocua","9_Batch"
"2484","L-innocua","9_Batch"
"2485","L-innocua","9_Batch"
"2486","L-innocua","9_Batch"
"2487","L-innocua","9_Batch"
"2488","L-innocua","9_Batch"
"2489","L-innocua","9_Batch"
"2490","L-innocua","9_Batch"
"2491","L-innocua","9_Batch"
"2492","L-innocua","9_Batch"
"2493","L-innocua","9_Batch"
"2494","L-innocua","9_Batch"
"2495","L-innocua","9_Batch"
"2496","L-innocua","9_Batch"
"2497","L-innocua","9_Batch"
"2498","L-innocua","9_Batch"
"2499","L-innocua","9_Batch"
"2500","L-innocua","9_Batch"
"2501","L-innocua","9_Batch"
"2502","L-innocua","9_Batch"
"2503","L-innocua","9_Batch"
"2504","L-innocua","9_Batch"
"2505","L-innocua","9_Batch"
"2506","L-innocua","9_Batch"
"2507","L-innocua","9_Batch"
"2508","L-innocua","9_Batch"
"2509","L-innocua","9_Batch"
"2510","L-innocua","9_Batch"
"2511","P-stutzeri","9_Batch"
"2512","P-stutzeri","9_Batch"
"2513","P-stutzeri","9_Batch"
"2514","P-stutzeri","9_Batch"
"2515","P-stutzeri","9_Batch"
"2516","P-stutzeri","9_Batch"
"2517","P-stutzeri","9_Batch"
"2518","P-stutzeri","9_Batch"
"2519","P-stutzeri","9_Batch"
"2520","P-stutzeri","9_Batch"
"2521","P-stutzeri","9_Batch"
"2522","P-stutzeri","9_Batch"
"2523","P-stutzeri","9_Batch"
"2524","P-stutzeri","9_Batch"
"2525","P-stutzeri","9_Batch"
"2526","P-stutzeri","9_Batch"
"2527","P-stutzeri","9_Batch"
"2528","P-stutzeri","9_Batch"
"2529","P-stutzeri","9_Batch"
"2530","P-stutzeri","9_Batch"
"2531","P-stutzeri","9_Batch"
"2532","P-stutzeri","9_Batch"
"2533","P-stutzeri","9_Batch"
"2534","P-stutzeri","9_Batch"
"2535","P-stutzeri","9_Batch"
"2536","P-stutzeri","9_Batch"
"2537","P-stutzeri","9_Batch"
"2538","P-stutzeri","9_Batch"
"2539","P-stutzeri","9_Batch"
"2540","P-stutzeri","9_Batch"
"2541","P-stutzeri","9_Batch"
"2542","P-stutzeri","9_Batch"
"2543","P-stutzeri","9_Batch"
"2544","P-stutzeri","9_Batch"
"2545","P-stutzeri","9_Batch"
"2546","P-stutzeri","9_Batch"
"2547","P-stutzeri","9_Batch"
"2548","P-stutzeri","9_Batch"
"2549","P-stutzeri","9_Batch"
"2550","P-stutzeri","9_Batch"
"2551","P-stutzeri","9_Batch"
"2552","P-stutzeri","9_Batch"
"2553","P-stutzeri","9_Batch"
"2554","P-stutzeri","9_Batch"
"2555","P-stutzeri","9_Batch"
"2556","P-stutzeri","9_Batch"
"2557","P-stutzeri","9_Batch"
"2558","P-stutzeri","9_Batch"
"2559","P-stutzeri","9_Batch"
"2560","P-stutzeri","9_Batch"
"2561","R-terrigena","9_Batch"
"2562","R-terrigena","9_Batch"
"2563","R-terrigena","9_Batch"
"2564","R-terrigena","9_Batch"
"2565","R-terrigena","9_Batch"
"2566","R-terrigena","9_Batch"
"2567","R-terrigena","9_Batch"
"2568","R-terrigena","9_Batch"
"2569","R-terrigena","9_Batch"
"2570","R-terrigena","9_Batch"
"2571","R-terrigena","9_Batch"
"2572","R-terrigena","9_Batch"
"2573","R-terrigena","9_Batch"
"2574","R-terrigena","9_Batch"
"2575","R-terrigena","9_Batch"
"2576","R-terrigena","9_Batch"
"2577","R-terrigena","9_Batch"
"2578","R-terrigena","9_Batch"
"2579","R-terrigena","9_Batch"
"2580","R-terrigena","9_Batch"
"2581","R-terrigena","9_Batch"
"2582","R-terrigena","9_Batch"
"2583","R-terrigena","9_Batch"
"2584","R-terrigena","9_Batch"
"2585","R-terrigena","9_Batch"
"2586","R-terrigena","9_Batch"
"2587","R-terrigena","9_Batch"
"2588","R-terrigena","9_Batch"
"2589","R-terrigena","9_Batch"
"2590","R-terrigena","9_Batch"
"2591","R-terrigena","9_Batch"
"2592","R-terrigena","9_Batch"
"2593","R-terrigena","9_Batch"
"2594","R-terrigena","9_Batch"
"2595","R-terrigena","9_Batch"
"2596","R-terrigena","9_Batch"
"2597","R-terrigena","9_Batch"
"2598","R-terrigena","9_Batch"
"2599","R-terrigena","9_Batch"
"2600","R-terrigena","9_Batch"
"2601","R-terrigena","9_Batch"
"2602","R-terrigena","9_Batch"
"2603","R-terrigena","9_Batch"
"2604","R-terrigena","9_Batch"
"2605","R-terrigena","9_Batch"
"2606","R-terrigena","9_Batch"
"2607","R-terrigena","9_Batch"
"2608","R-terrigena","9_Batch"
"2609","R-terrigena","9_Batch"
"2610","R-terrigena","9_Batch"
"2611","S-cohnii","9_Batch"
"2612","S-cohnii","9_Batch"
"2613","S-cohnii","9_Batch"
"2614","S-cohnii","9_Batch"
"2615","S-cohnii","9_Batch"
"2616","S-cohnii","9_Batch"
"2617","S-cohnii","9_Batch"
"2618","S-cohnii","9_Batch"
"2619","S-cohnii","9_Batch"
"2620","S-cohnii","9_Batch"
"2621","S-cohnii","9_Batch"
"2622","S-cohnii","9_Batch"
"2623","S-cohnii","9_Batch"
"2624","S-cohnii","9_Batch"
"2625","S-cohnii","9_Batch"
"2626","S-cohnii","9_Batch"
"2627","S-cohnii","9_Batch"
"2628","S-cohnii","9_Batch"
"2629","S-cohnii","9_Batch"
"2630","S-cohnii","9_Batch"
"2631","S-cohnii","9_Batch"
"2632","S-cohnii","9_Batch"
"2633","S-cohnii","9_Batch"
"2634","S-cohnii","9_Batch"
"2635","S-cohnii","9_Batch"
"2636","S-cohnii","9_Batch"
"2637","S-cohnii","9_Batch"
"2638","S-cohnii","9_Batch"
"2639","S-cohnii","9_Batch"
"2640","S-cohnii","9_Batch"
"2641","S-cohnii","9_Batch"
"2642","S-cohnii","9_Batch"
"2643","S-cohnii","9_Batch"
"2644","S-cohnii","9_Batch"
"2645","S-cohnii","9_Batch"
"2646","S-cohnii","9_Batch"
"2647","S-cohnii","9_Batch"
"2648","S-cohnii","9_Batch"
"2649","S-cohnii","9_Batch"
"2650","S-cohnii","9_Batch"
"2651","S-cohnii","9_Batch"
"2652","S-cohnii","9_Batch"
"2653","S-cohnii","9_Batch"
"2654","S-cohnii","9_Batch"
"2655","S-cohnii","9_Batch"
"2656","S-cohnii","9_Batch"
"2657","S-cohnii","9_Batch"
"2658","S-cohnii","9_Batch"
"2659","S-cohnii","9_Batch"
"2660","S-cohnii","9_Batch"
"2661","S-warneri","9_Batch"
"2662","S-warneri","9_Batch"
"2663","S-warneri","9_Batch"
"2664","S-warneri","9_Batch"
"2665","S-warneri","9_Batch"
"2666","S-warneri","9_Batch"
"2667","S-warneri","9_Batch"
"2668","S-warneri","9_Batch"
"2669","S-warneri","9_Batch"
"2670","S-warneri","9_Batch"
"2671","S-warneri","9_Batch"
"2672","S-warneri","9_Batch"
"2673","S-warneri","9_Batch"
"2674","S-warneri","9_Batch"
"2675","S-warneri","9_Batch"
"2676","S-warneri","9_Batch"
"2677","S-warneri","9_Batch"
"2678","S-warneri","9_Batch"
"2679","S-warneri","9_Batch"
"2680","S-warneri","9_Batch"
"2681","S-warneri","9_Batch"
"2682","S-warneri","9_Batch"
"2683","S-warneri","9_Batch"
"2684","S-warneri","9_Batch"
"2685","S-warneri","9_Batch"
"2686","S-warneri","9_Batch"
"2687","S-warneri","9_Batch"
"2688","S-warneri","9_Batch"
"2689","S-warneri","9_Batch"
"2690","S-warneri","9_Batch"
"2691","S-warneri","9_Batch"
"2692","S-warneri","9_Batch"
"2693","S-warneri","9_Batch"
"2694","S-warneri","9_Batch"
"2695","S-warneri","9_Batch"
"2696","S-warneri","9_Batch"
"2697","S-warneri","9_Batch"
"2698","S-warneri","9_Batch"
"2699","S-warneri","9_Batch"
"2700","S-warneri","9_Batch"
"2701","S-warneri","9_Batch"
"2702","S-warneri","9_Batch"
"2703","S-warneri","9_Batch"
"2704","S-warneri","9_Batch"
"2705","S-warneri","9_Batch"
"2706","S-warneri","9_Batch"
"2707","S-warneri","9_Batch"
"2708","S-warneri","9_Batch"
"2709","S-warneri","9_Batch"
"2710","S-warneri","9_Batch"
